0 122.01774074030335
1 113.83337797098172
2 103.86520785163077
3 98.0294206936281
4 95.64043011096882
5 94.89830760914406
6 94.29002448243537
7 93.35254724937852
8 92.3443820169572
9 89.76859987573359
10 87.81909443757627
11 85.34089493997061
12 85.26460800960977
13 84.97077235598917
14 83.57607285413599
15 82.72387412176154
16 81.83183186717527
17 81.54028799640747
18 81.06672569523676
19 79.77189457672073
20 79.42478891754229
21 77.81127834168304
22 77.79107636058524
23 75.87103851872217
24 75.81015733894662
25 75.78527923365746
26 75.4322104597072
27 75.38644921966981
28 75.29614948704568
29 75.27254430233272
30 74.36717533544687
31 74.29505289956137
32 74.24834447539851
33 74.17198943960824
34 73.87374903271638
35 73.54084266920981
36 73.17031938217454
37 71.25554099790685
38 70.9867117512799
39 70.39150486690487
40 69.30610087530691
41 68.77002415569912
42 68.67593981557854
43 68.56729125129479
44 68.20107036274543
45 68.0550258062739
46 67.93642661629633
47 67.62665308648111
48 67.29863112816618
49 66.98665505186665
50 66.81656034081443
51 65.81071017093251
52 65.43986860443228
53 65.09705530945688
54 64.9671540913085
55 64.59460547886604
56 64.58804159934104
57 64.56202859264202
58 64.3586258911123
59 63.87375093152094
60 63.77686843149714
61 63.59732228552817
62 63.58534106784838
63 63.38106369138085
64 63.37050307155108
65 63.36165914115066
66 63.000663866717005
67 62.90558149118784
68 62.66236569853869
69 62.12457607378267
70 61.628488986360146
71 61.32781523616705
72 61.18163639576785
73 60.694932655154204
74 59.79428167467021
75 59.73757462385126
76 59.71856168991222
77 59.59384106477004
78 59.07501127255865
79 58.573889829362145
80 58.5170142441344
81 58.39304289349971
82 58.242911165284994
83 57.679433263682974
84 57.62430463973643
85 57.49160168693286
86 57.39223603515672
87 57.272858531834665
88 57.10142051926199
89 57.08696486856111
90 56.97964614545896
91 56.885240511238784
92 56.803744110870774
93 56.751891842524934
94 56.38363760959986
95 56.205854855451776
96 55.91651285736463
97 55.848241880202366
98 55.755612105373245
99 55.65950067128623
100 55.420162159008086
101 55.316010607149266
102 55.23917039217658
103 55.11727969142037
104 54.611421850504435
105 54.51920769897892
106 54.44693218520355
107 54.43848219284679
108 53.84402093191248
109 53.822008370709746
110 53.73891001937292
111 53.63439963259244
112 53.50833628040927
113 53.37836161593406
114 53.20525977339998
115 53.10515250718695
116 52.99449075931063
117 52.96403525604847
118 52.943895291542916
119 52.83233411401694
120 52.73465008352891
121 52.624089015645644
122 52.50032785273561
123 52.47311686048712
124 52.39179095394731
125 52.01847297966274
126 51.98764313899443
127 51.93775893050783
128 51.91032308573017
129 51.904817269648966
130 51.87690412103833
131 51.787302650345296
132 51.780083616656846
133 51.54111814976327
134 51.46996954257046
135 51.43559809330056
136 51.39303818652445
137 51.351041894024064
138 51.29690699269853
139 51.122225354441994
140 50.94937340230564
141 50.80216932888771
142 50.7024522380964
143 50.606748757066825
144 49.907615524289305
145 49.8622384127931
146 49.83117838122399
147 49.82403882284946
148 49.583667761985645
149 49.57686703953111
150 49.4660561471395
151 49.20695727163769
152 49.11179426911428
153 49.057556578572395
154 48.991816242394286
155 48.975899458386486
156 48.71816461803363
157 48.554903697468454
158 48.030802225335314
159 47.95159303057219
160 47.94775390129512
161 47.85068198536867
162 47.71457675480074
163 47.712294986299916
164 47.6154492295946
165 47.55927423247094
166 47.34533433158423
167 47.28256081643175
168 47.20238183135799
169 47.13806741894722
170 47.02123416417869
171 46.94820677264256
172 46.823609820414916
173 46.71519281321358
174 46.654468514855445
175 46.641437580522705
176 46.59074180006314
177 46.49629654363417
178 46.45989226463052
179 46.31518607788258
180 46.24985057920827
181 46.209161448645325
182 46.182164893722444
183 46.17735537267854
184 45.84277958909548
185 45.634429305019346
186 45.2102628371535
187 45.14546335104276
188 44.979574066440186
189 44.93314036068312
190 44.90968510530387
191 44.8642603566443
192 44.79698429120064
193 44.724130470978714
194 44.7158455793024
195 44.61331193195093
196 44.54931491858762
197 44.13493010850179
198 44.04347188500357
199 43.95687973269079
200 43.94874446604132
201 43.84415879145573
202 43.76911910768326
203 43.627858164095315
204 43.604431662386226
205 43.54422758250746
206 43.52615726294516
207 43.44456225158705
208 43.362907823017146
209 43.35146523603315
210 43.27808621061891
211 43.2513282013714
212 43.12422689100867
213 43.077353596286784
214 43.07205740128715
215 42.94450884865351
216 42.93451506334111
217 42.84334035318238
218 42.80746049459988
219 42.789309940308144
220 42.743874522892824
221 42.70642813889926
222 42.697758823881074
223 42.672184838678675
224 42.63993613946473
225 42.47109611538453
226 42.36745455302257
227 42.31489114887533
228 42.294716277883936
229 42.17981876179866
230 42.024995156070524
231 42.01503260598683
232 41.943648547475455
233 41.93757631287586
234 41.90925557196992
235 41.90800521449332
236 41.907439307351645
237 41.873180014562834
238 41.86652028875866
239 41.84136177973529
240 41.73413383709717
241 41.684307802488924
242 41.67084181209854
243 41.66992539177107
244 41.634819890936214
245 41.62965802584784
246 41.55088994141287
247 41.49623830091139
248 41.4278793870259
249 41.40907496422524
250 41.27176120974073
251 41.215120821987284
252 41.07481864699687
253 41.06919297146632
254 41.05048509788182
255 41.04638508908999
256 40.95122723122523
257 40.92391301405801
258 40.867940810141604
259 40.85413445029211
260 40.78408849480424
261 40.75703612879779
262 40.75502310521728
263 40.69610182461613
264 40.62460215819714
265 40.61190567740023
266 40.55850212370409
267 40.46962845743512
268 40.366067139303446
269 40.36159133705414
270 40.289489499020206
271 40.274695165865566
272 40.23219004403767
273 40.23179792553739
274 40.21789530029868
275 40.21019755268368
276 40.17683731306873
277 40.155361075969154
278 40.13550375205669
279 40.116319753364635
280 40.10116285287719
281 40.02359858501639
282 39.98393061491943
283 39.92965323278671
284 39.88576593899763
285 39.80107867801492
286 39.71691079155982
287 39.70738904657461
288 39.66501123771354
289 39.635679462691115
290 39.58283652691542
291 39.52451203183978
292 39.50811911225435
293 39.49776358630855
294 39.472538648813554
295 39.452332754954746
296 39.37182045607884
297 39.32656415551626
298 39.32279541604999
299 39.31432013546584
300 39.09697581602321
301 38.95108551879025
302 38.85674973954442
303 38.82284683140159
304 38.73718041751732
305 38.65569071715326
306 38.575037609941724
307 38.56807662124775
308 38.56784606762441
309 38.56732300562226
310 38.545280665798984
311 38.53858159960757
312 38.512443883476145
313 38.438083577244505
314 38.413958731264685
315 38.39963491139097
316 38.23285321988087
317 38.2217318331001
318 38.19271567693332
319 38.13070379315246
320 38.03663359718861
321 37.96595361790623
322 37.95986526287848
323 37.89893118449944
324 37.89294688970871
325 37.86911610235428
326 37.860011275046446
327 37.84457774250724
328 37.78009302362367
329 37.70608303368327
330 37.63244290535561
331 37.602361304641526
332 37.56327641689198
333 37.56311632158044
334 37.51627802014269
335 37.474560231544345
336 37.44240623784757
337 37.42772945642044
338 37.42616791169599
339 37.389947181436995
340 37.37074942786282
341 37.35789676144214
342 37.35378756523359
343 37.311736630955444
344 37.27075383661972
345 37.2572052727064
346 37.22865077437065
347 37.192697265731574
348 37.17755367349135
349 37.148594284401234
350 37.13373836378928
351 37.11325884115912
352 37.02954721922118
353 37.025955436838906
354 36.978329167278254
355 36.87286881809292
356 36.86407034741222
357 36.83825231704866
358 36.82057051421588
359 36.76610654674018
360 36.738468098711806
361 36.62351445105861
362 36.615290749620264
363 36.613583760836775
364 36.580223726368544
365 36.50415859234814
366 36.35630147446187
367 36.350646329676046
368 36.33883677769634
369 36.30653807572966
370 36.26920964825954
371 36.232853318316735
372 36.19852718968233
373 36.19073385348983
374 36.15914105774346
375 36.147181654156874
376 36.011573640343435
377 35.991907831869746
378 35.97160430874836
379 35.95211116338365
380 35.94547692772989
381 35.93099301382631
382 35.8564331982982
383 35.84852776185723
384 35.82387321394247
385 35.815608197155505
386 35.799889280354144
387 35.77405626257347
388 35.75563352203049
389 35.60951440673785
390 35.58999437291225
391 35.589463758103754
392 35.56361860704734
393 35.49635273162898
394 35.33597236217711
395 35.25504906510089
396 35.239127666250766
397 35.200949424457995
398 35.19957705040521
399 35.18488494130544
400 35.163105095958066
401 35.1360018465684
402 35.12275083808531
403 35.113625818422996
404 35.09593998829349
405 35.08806374340803
406 35.0747066186723
407 35.06846440495246
408 35.058065838706476
409 34.93683407750158
410 34.91082647570945
411 34.910778006581424
412 34.78269148773265
413 34.76376014113163
414 34.7420905234697
415 34.67866958596035
416 34.6513651292384
417 34.644999179612626
418 34.614907257961995
419 34.592750788118266
420 34.5734172958673
421 34.567148042574665
422 34.48175113109402
423 34.480106545293545
424 34.467479211185974
425 34.43041045836513
426 34.42165851673136
427 34.412849340654304
428 34.35353062094325
429 34.345926896957366
430 34.340430929494744
431 34.33525217278291
432 34.27366278868855
433 34.27222519790095
434 34.234565690262095
435 34.20311231510776
436 34.19350674517629
437 34.19102595825083
438 34.12974684713593
439 34.07960552855486
440 33.903295972515174
441 33.83971058674575
442 33.836524375705864
443 33.816254605798434
444 33.78469955946212
445 33.784643756762165
446 33.76757219126111
447 33.76708526061898
448 33.71737331189694
449 33.6990633937548
450 33.68638456274853
451 33.652209905911896
452 33.647766619300214
453 33.551353777557466
454 33.54350151545289
455 33.50191228829457
456 33.49215938925513
457 33.47450321998111
458 33.473073965959244
459 33.45988170674203
460 33.45379346696117
461 33.4496937114159
462 33.39884558545432
463 33.359568323981556
464 33.35068466767868
465 33.2610869326193
466 33.22449379605535
467 33.22210767329889
468 33.21192690897122
469 33.18170960002753
470 33.175934695228776
471 33.17264332911691
472 33.14430711464554
473 33.12102455167319
474 33.12064200526499
475 33.09573653723852
476 33.080363221887794
477 33.070605422064496
478 33.060008800528834
479 32.99449785447486
480 32.94490912617969
481 32.9212919265114
482 32.88932663218068
483 32.83356973263246
484 32.828206965809585
485 32.792105627956815
486 32.76802591825432
487 32.72837478713143
488 32.670540548728745
489 32.63856040996828
490 32.574550494358895
491 32.56096407803753
492 32.5526292356095
493 32.55191034979379
494 32.5374865198225
495 32.51508808362211
496 32.503080268150384
497 32.4557196600428
498 32.45304233406648
499 32.43676489761295
500 32.433274819338415
501 32.41611192627586
502 32.415740439828745
503 32.40372089332227
504 32.3847634555619
505 32.37387143023281
506 32.36665867573869
507 32.337680469643885
508 32.301892456014436
509 32.23147462759379
510 32.230189967892485
511 32.207358230004544
512 32.18405247377884
513 32.13612530018398
514 32.113162529870564
515 32.061285364873065
516 32.01621691628619
517 32.00457928389989
518 32.002625153035844
519 31.93262885385422
520 31.90590401789571
521 31.834075515703923
522 31.82076181130907
523 31.756765335790426
524 31.7505961689486
525 31.738265938507016
526 31.72834298851267
527 31.692799910479177
528 31.64842323869246
529 31.643517869088193
530 31.62151630821847
531 31.55695933955038
532 31.541905934022324
533 31.521542688426013
534 31.511157060500615
535 31.49742462073978
536 31.440270287451764
537 31.43602742464333
538 31.4195503734362
539 31.39727907574679
540 31.39650815375437
541 31.347445601032582
542 31.34311017499787
543 31.270685479997255
544 31.248900992942865
545 31.248184089377627
546 31.24701419677344
547 31.219638718340217
548 31.214979319064412
549 31.210830724693093
550 31.198780459541165
551 31.18770341736134
552 31.155894874605906
553 31.141521742136465
554 31.132454684302825
555 31.124406804983852
556 31.090276459850937
557 31.080758217831843
558 31.05834464246762
559 31.01041983027164
560 30.993433927744526
561 30.98199048379799
562 30.980856591329808
563 30.95198898355489
564 30.945206074367054
565 30.9449351390056
566 30.903635761482114
567 30.878804096723584
568 30.802455666767532
569 30.772692731900342
570 30.68877365281076
571 30.661260444759566
572 30.635622348075923
573 30.623203076898825
574 30.622466995674586
575 30.62187145067302
576 30.620702368186304
577 30.617211670635342
578 30.605107952270007
579 30.56908240759956
580 30.55352881132445
581 30.52402377384761
582 30.49183594993428
583 30.487432293958506
584 30.478542263233972
585 30.471022546575362
586 30.45956919956525
587 30.391715008991415
588 30.336634407220167
589 30.227661613739663
590 30.180215707131367
591 30.172741132092263
592 30.118213585128892
593 30.114930508863893
594 30.112042149847714
595 30.103412916550358
596 30.075977207609952
597 30.02988736323139
598 29.94090186074978
599 29.918170155143994
600 29.91535984248877
601 29.866586537714177
602 29.85780207541912
603 29.857382021365
604 29.844369057921124
605 29.77835583262758
606 29.7460438494928
607 29.736018584592316
608 29.73245178561635
609 29.59398713555387
610 29.582269998066835
611 29.579219100461152
612 29.53721415559815
613 29.516598400728263
614 29.47180511353133
615 29.414304653377357
616 29.40749147445655
617 29.392648782721956
618 29.372325155377744
619 29.36125017163956
620 29.306597759394226
621 29.305806760543515
622 29.30491887161897
623 29.25620495280709
624 29.252483867961065
625 29.23879808179043
626 29.235760708155226
627 29.225633031653974
628 29.20269806165337
629 29.18773609259007
630 29.18506020328016
631 29.18271544881479
632 29.15307915532625
633 29.14689638150288
634 29.110619773104382
635 29.109366865454795
636 29.049384994484367
637 29.04303191557274
638 29.027544046846497
639 29.017439973013058
640 28.99692617641997
641 28.981900022991766
642 28.97383812956195
643 28.953907095834655
644 28.89200660871257
645 28.841933980869747
646 28.820667432459103
647 28.763531550186084
648 28.759782358277732
649 28.75084245718773
650 28.687187055509252
651 28.601512547281555
652 28.53013414103351
653 28.510884677624947
654 28.503784431724732
655 28.49377658886127
656 28.46819988605047
657 28.45775840511531
658 28.422553532552854
659 28.42133232812862
660 28.41589877487797
661 28.40906433789935
662 28.39552431274998
663 28.337906195621144
664 28.251369528695378
665 28.237860137690824
666 28.235750128036166
667 28.215249160265998
668 28.207245131337892
669 28.168789084867086
670 28.15791244791983
671 28.153879148387883
672 28.153355482851715
673 28.078686474781684
674 28.04974812107258
675 28.0305520954063
676 28.01475816532035
677 27.993200467240023
678 27.978856604351424
679 27.978175493802837
680 27.960714199190885
681 27.952544319050002
682 27.864999864742025
683 27.863909025864004
684 27.850669873521095
685 27.828078964777273
686 27.796975640307732
687 27.78558890355685
688 27.770083507950936
689 27.763889551674133
690 27.763539047532237
691 27.76092552713263
692 27.759857304194682
693 27.757193555789488
694 27.74513193112301
695 27.734763516425524
696 27.702591542562224
697 27.701683525452136
698 27.6794672146602
699 27.59324803093093
700 27.580967009583947
701 27.570829432641926
702 27.54782480630605
703 27.498645587008813
704 27.490478607558966
705 27.46301127545621
706 27.448154560688447
707 27.42398104845417
708 27.3816471097513
709 27.319860997692874
710 27.308991336899695
711 27.302098805560025
712 27.270360793231152
713 27.23643809825981
714 27.20782965060723
715 27.199733987488276
716 27.19245331012158
717 27.173518895806538
718 27.16986707489854
719 27.167126747109894
720 27.144945038010288
721 27.14433459373433
722 27.125979514852062
723 27.1096302367268
724 27.106977840589614
725 27.08534525074487
726 27.052127480170157
727 27.045578180618776
728 27.040169392090938
729 27.036873328966355
730 27.03120634478376
731 27.002008610777835
732 26.988249486134205
733 26.97603182629329
734 26.963782256905322
735 26.943689634187564
736 26.91424185903128
737 26.903418655818044
738 26.90310972997321
739 26.894396826624824
740 26.84834748291457
741 26.8232990793919
742 26.802857657007042
743 26.786430383686017
744 26.770150933202054
745 26.722233921836757
746 26.708871044809904
747 26.70628383010993
748 26.668695952939746
749 26.637817166715124
750 26.613828691541023
751 26.585868388915987
752 26.5672368497317
753 26.56643946858834
754 26.54314773673823
755 26.540259678217943
756 26.50707532345433
757 26.467358752954446
758 26.4532966446769
759 26.451159594608498
760 26.427428987087698
761 26.41275294305018
762 26.387071152846595
763 26.386517447329126
764 26.36575051165577
765 26.331880639110786
766 26.33179822131816
767 26.27538142314087
768 26.25035178969241
769 26.248134958127768
770 26.243402396805017
771 26.19731674917015
772 26.181144666233834
773 26.178648177346734
774 26.17080075884348
775 26.166175521774473
776 26.135988415197424
777 26.13402983682786
778 26.132333686382914
779 26.114188142568217
780 26.10783967951798
781 26.03989441847733
782 25.96835845617839
783 25.96592059015236
784 25.93379793084995
785 25.92513329415463
786 25.887388209984532
787 25.874537948176545
788 25.86575454231005
789 25.850833145160973
790 25.842662039700826
791 25.841661659330022
792 25.835132242909488
793 25.82468020422594
794 25.78943385444141
795 25.78713235398645
796 25.754836734102625
797 25.704557991737598
798 25.7037318559645
799 25.65963608159552
800 25.655234221031083
801 25.651732532499835
802 25.636452670364182
803 25.635294152593996
804 25.622707772150058
805 25.60845539938783
806 25.597450842474256
807 25.586691340398765
808 25.585237097908198
809 25.584422552768228
810 25.541791960486258
811 25.53184845155262
812 25.520942248819775
813 25.473305312351762
814 25.44870477948928
815 25.447369083860274
816 25.445021132269176
817 25.401965423172232
818 25.3884317089509
819 25.382604792442326
820 25.373839414373844
821 25.356396426107526
822 25.353502129866754
823 25.31776385190795
824 25.308696956126727
825 25.285404781890627
826 25.28071960123307
827 25.27497974427608
828 25.264182923244437
829 25.26168172847856
830 25.212442391464673
831 25.194936165393578
832 25.173918856771493
833 25.167095092907523
834 25.162602521201087
835 25.150016424309733
836 25.11130709981016
837 25.108355444196324
838 25.093262593290827
839 25.085019036693932
840 25.07988695946785
841 25.054795018769525
842 25.053700791019963
843 25.01450739811424
844 25.007916853239276
845 24.95469439045908
846 24.949925280607555
847 24.940985943442577
848 24.898557978497788
849 24.88722158448436
850 24.884901047241556
851 24.88182925619116
852 24.869997568122077
853 24.85799211251856
854 24.841069323381195
855 24.827111254510072
856 24.800525737792537
857 24.787547046260812
858 24.755548816768442
859 24.73344840351958
860 24.720534435071983
861 24.699669043180993
862 24.693260783636592
863 24.68086831597334
864 24.680548966297653
865 24.643632815538986
866 24.542896119638723
867 24.532474966131634
868 24.52205652689744
869 24.498105771153522
870 24.469943122680117
871 24.459612384447766
872 24.455144253033765
873 24.443602744125204
874 24.431610956750088
875 24.43137453470616
876 24.401343508559414
877 24.381853992652882
878 24.311346872001774
879 24.305489653750698
880 24.304329952009446
881 24.301141370241606
882 24.256137101834383
883 24.255192711248142
884 24.20827915909693
885 24.205919249305254
886 24.186545145637332
887 24.183876966947924
888 24.125296903902786
889 24.09288520603523
890 24.078373300297844
891 24.05214775824918
892 24.042567011837043
893 24.02382334229538
894 24.000451821471607
895 23.93776135069657
896 23.918755762382368
897 23.91046345427507
898 23.880584542698784
899 23.880078926814033
900 23.87752587554733
901 23.874603858880366
902 23.865163628631088
903 23.854589403834186
904 23.853142894085828
905 23.84830234419401
906 23.815960836107617
907 23.812757182407864
908 23.780213538421428
909 23.7501463528939
910 23.743182977243862
911 23.734594152885087
912 23.717149789487948
913 23.693758722242396
914 23.687442417541053
915 23.65561823891766
916 23.59977975479988
917 23.590218911401017
918 23.560751716776707
919 23.53500789638371
920 23.521759312740123
921 23.5090494899583
922 23.506812435705807
923 23.486762183762668
924 23.479206055461887
925 23.472944613741106
926 23.472749558289728
927 23.471073333507807
928 23.45896741459177
929 23.457025421564985
930 23.429665439007483
931 23.40452462949251
932 23.367785622754276
933 23.351770334670892
934 23.345678447778795
935 23.337618069224476
936 23.333156446796274
937 23.314538554989653
938 23.296320616771435
939 23.280607337376388
940 23.27442757626136
941 23.232954208224427
942 23.204679327602424
943 23.202025488400935
944 23.186764887898864
945 23.18506289542486
946 23.16389566698236
947 23.145507579370417
948 23.117923748049712
949 23.11433124434331
950 23.10455008706113
951 23.06787433788913
952 23.052706756437253
953 23.051453455839745
954 23.04328804389038
955 23.03011039712346
956 23.01823012808267
957 22.99739829226109
958 22.973595677398915
959 22.945953893996535
960 22.944034186207823
961 22.941852271576213
962 22.930581561689355
963 22.921040921747327
964 22.90276656419508
965 22.89618454350313
966 22.868164595109807
967 22.84958446702098
968 22.835638957069666
969 22.829184245976077
970 22.820498232207694
971 22.81948088972383
972 22.799292483999867
973 22.743504035109535
974 22.679004716334966
975 22.678513186917964
976 22.677949371394014
977 22.666121003482523
978 22.61832173978398
979 22.607438174590133
980 22.589509977030204
981 22.556977536817843
982 22.54947865797716
983 22.53319394309915
984 22.524274275562764
985 22.520788178891227
986 22.495218194571436
987 22.491629571780184
988 22.48824884177899
989 22.48799425739613
990 22.48419523981892
991 22.48257409673104
992 22.408423491852517
993 22.408388387586832
994 22.40837165073106
995 22.397544012539832
996 22.385287039082773
997 22.380766692569537
998 22.380668684453592
999 22.378635049752887
1000 22.3576571515464
1001 22.34512853330823
1002 22.329464370547274
1003 22.32867001938017
1004 22.29544901500398
1005 22.263051615843878
1006 22.259670628189554
1007 22.25392596968835
1008 22.2426334001439
1009 22.241131039606774
1010 22.230379382470954
1011 22.2249161652725
1012 22.220517200942297
1013 22.20978057151375
1014 22.20201674721066
1015 22.19879428352591
1016 22.193025154528215
1017 22.1716515349416
1018 22.161490919411747
1019 22.150330131925568
1020 22.115650624635034
1021 22.106215353100456
1022 22.100002973008042
1023 22.081681382878337
1024 22.07721610603024
1025 22.04869643319655
1026 22.037300972163543
1027 22.012732539361867
1028 21.994239334616434
1029 21.94272638894615
1030 21.930698889698164
1031 21.916424919156903
1032 21.908830467704714
1033 21.865663429679667
1034 21.84765179305188
1035 21.838469584933687
1036 21.82954762503099
1037 21.82349829347293
1038 21.79538561925751
1039 21.790903337574694
1040 21.737276447021546
1041 21.73317799525788
1042 21.72857222635148
1043 21.72749030271876
1044 21.720627347380855
1045 21.70726624460764
1046 21.69966293139262
1047 21.69942212292461
1048 21.69912524741681
1049 21.67933710254552
1050 21.664737063137512
1051 21.654754099873944
1052 21.64192181306081
1053 21.638555140448485
1054 21.634820302264192
1055 21.629504975648924
1056 21.61705559429977
1057 21.598654900069945
1058 21.55791710144628
1059 21.552446047405216
1060 21.55131745617974
1061 21.54832719891844
1062 21.54793776057301
1063 21.545176586164846
1064 21.53167941946092
1065 21.488799098158523
1066 21.459414856842766
1067 21.448136323483087
1068 21.418241749188848
1069 21.386367252012327
1070 21.38373257442318
1071 21.34921905302962
1072 21.323423776132813
1073 21.30206285093173
1074 21.258813552599005
1075 21.254822988830384
1076 21.229873329073786
1077 21.219931973056827
1078 21.211717116655166
1079 21.207713403369972
1080 21.20009859205789
1081 21.18400030769769
1082 21.17429386655987
1083 21.17134389313007
1084 21.16865434749616
1085 21.162573693898672
1086 21.15723209543702
1087 21.12956745413262
1088 21.103272075656665
1089 21.102716944193066
1090 21.10152150927142
1091 21.09220562227843
1092 21.084957148086843
1093 21.081087089224702
1094 21.07705407958946
1095 21.072441194703156
1096 21.06082477519614
1097 21.02556252215065
1098 21.011779524462924
1099 20.995687286849765
1100 20.925704406944504
1101 20.917100828248213
1102 20.890698041439812
1103 20.887583624456347
1104 20.869244814221076
1105 20.830973527479106
1106 20.824195858723716
1107 20.802470389705768
1108 20.795774066230745
1109 20.795115593595938
1110 20.79334405646579
1111 20.785064661865597
1112 20.784003081679323
1113 20.73180499087845
1114 20.721038075123296
1115 20.72007287190092
1116 20.720052939403924
1117 20.693817334414728
1118 20.691951206686795
1119 20.68500407223745
1120 20.675476939851094
1121 20.67179213446506
1122 20.663871799893727
1123 20.648107767420168
1124 20.63987159624162
1125 20.617244612485923
1126 20.584675740778607
1127 20.581133059909455
1128 20.5463014748974
1129 20.540954575004832
1130 20.501379347076945
1131 20.500366828353613
1132 20.49802967927871
1133 20.487060573707108
1134 20.48625041370762
1135 20.480962648391206
1136 20.460029464367672
1137 20.454156382008918
1138 20.430339354618308
1139 20.387270079429765
1140 20.385816159882612
1141 20.357733577527927
1142 20.35282850709662
1143 20.348559649302622
1144 20.32927306206648
1145 20.287594840211757
1146 20.285830117323624
1147 20.281357176057732
1148 20.27233574015982
1149 20.26340855300468
1150 20.25389594979192
1151 20.245623620988553
1152 20.233496528067974
1153 20.22453621695103
1154 20.223804130232704
1155 20.216997504355675
1156 20.194790364654448
1157 20.187278279630373
1158 20.183085488663902
1159 20.179631699782174
1160 20.178600957141757
1161 20.157849517133773
1162 20.12949243729513
1163 20.11509369279219
1164 20.10170238056054
1165 20.097885780755735
1166 20.093277404323093
1167 20.088314756935368
1168 20.082576748835436
1169 20.033325214762613
1170 20.026822122560628
1171 20.023634587612353
1172 20.015518378243094
1173 19.99872052312367
1174 19.99640741391509
1175 19.995499179551377
1176 19.989738057720928
1177 19.957260263499993
1178 19.940041732614095
1179 19.938912778781162
1180 19.937939764182893
1181 19.928633661251165
1182 19.903462558724605
1183 19.899332395133918
1184 19.8740654520688
1185 19.872605555550592
1186 19.86469039772667
1187 19.853877533215687
1188 19.84444761893581
1189 19.83576318343725
1190 19.821069287052854
1191 19.79659260232058
1192 19.786718641351285
1193 19.768513238909467
1194 19.7500748810639
1195 19.733210387701916
1196 19.72649584560513
1197 19.72054485158883
1198 19.705195880903453
1199 19.693261619061115
1200 19.686930616302114
1201 19.662047661027913
1202 19.660285445025234
1203 19.65720568818519
1204 19.636566258166283
1205 19.629154987968775
1206 19.606161000425278
1207 19.58304422615392
1208 19.548543758485472
1209 19.506976843291966
1210 19.501281084111767
1211 19.48501435146427
1212 19.479807225370678
1213 19.47266623138878
1214 19.472209677413996
1215 19.470542080748825
1216 19.46304611916917
1217 19.44447788417314
1218 19.427315041675442
1219 19.41489002456893
1220 19.413080251794668
1221 19.410202038745716
1222 19.409648784235838
1223 19.408458567238302
1224 19.387487916940437
1225 19.38412754085086
1226 19.379232714377398
1227 19.36515936624652
1228 19.362225288409494
1229 19.331247414648644
1230 19.328013225377916
1231 19.32096722543952
1232 19.320600726215396
1233 19.315046372377612
1234 19.312789193123756
1235 19.291012026879336
1236 19.289132127257723
1237 19.28371522014571
1238 19.27641029987148
1239 19.274882390504796
1240 19.26434883318408
1241 19.26166556034689
1242 19.252455487621035
1243 19.24717211263258
1244 19.247060614134085
1245 19.243404246678274
1246 19.235853587184245
1247 19.224214725519687
1248 19.223106355062537
1249 19.22016241692235
1250 19.198676747198146
1251 19.19136589500599
1252 19.178769206760443
1253 19.171674815056143
1254 19.149652085976236
1255 19.148819314131966
1256 19.14842072776146
1257 19.135607712552066
1258 19.11691767607393
1259 19.108428093050676
1260 19.106856435639465
1261 19.104548805570715
1262 19.095691948076173
1263 19.089338552722104
1264 19.08229997108873
1265 19.080859987725916
1266 19.07816846903731
1267 19.07335539335904
1268 19.045670563472154
1269 19.044322028846125
1270 19.038137079415765
1271 19.037273675708274
1272 19.02072582571252
1273 19.020079540797912
1274 19.020016349529314
1275 19.01681322854361
1276 19.013180359630613
1277 19.00968516878013
1278 19.006402383843344
1279 19.003245889211538
1280 18.999824154119572
1281 18.990812553471695
1282 18.961097738398436
1283 18.946686031179368
1284 18.94154191062603
1285 18.929670733082443
1286 18.91996404227024
1287 18.918733772406245
1288 18.912965770420257
1289 18.873862842176788
1290 18.867341488636537
1291 18.850529541377977
1292 18.84724007596977
1293 18.83906760421995
1294 18.837730379522537
1295 18.8325807823248
1296 18.822140798785302
1297 18.809736601731455
1298 18.80399459492071
1299 18.802011364625837
1300 18.786354853795732
1301 18.75350254600221
1302 18.749628768359564
1303 18.745062288386073
1304 18.732321370746284
1305 18.719021145482817
1306 18.684292766378675
1307 18.67209139740232
1308 18.656914427656666
1309 18.655127147008315
1310 18.651845190842632
1311 18.651153321173
1312 18.62924959156734
1313 18.617345537492938
1314 18.606706399087926
1315 18.60019860057488
1316 18.597331773872344
1317 18.596005923259465
1318 18.582525292138033
1319 18.574996856520222
1320 18.572115421729816
1321 18.54666052606333
1322 18.510487478124062
1323 18.500657558645543
1324 18.495829225059154
1325 18.489387133080996
1326 18.484307129824657
1327 18.484106135483717
1328 18.474500332824647
1329 18.472462343556714
1330 18.471844288554298
1331 18.469581281002515
1332 18.46064162186245
1333 18.460223660565788
1334 18.457473641153875
1335 18.45580835569059
1336 18.45558093485288
1337 18.446581312704634
1338 18.43692817079914
1339 18.435720848580477
1340 18.417009777822496
1341 18.415026428502088
1342 18.408155494622523
1343 18.405932226121404
1344 18.398764147666228
1345 18.396858224514187
1346 18.384452105928357
1347 18.380769015917018
1348 18.371137986232362
1349 18.366260145890756
1350 18.365912960333926
1351 18.36376956645544
1352 18.35038944058693
1353 18.343828382465063
1354 18.337098106283538
1355 18.329964912793724
1356 18.316548610840563
1357 18.31472692454014
1358 18.302995012982453
1359 18.298010873306442
1360 18.287588787790146
1361 18.247757765219866
1362 18.244775631492196
1363 18.24432685503889
1364 18.243594987887693
1365 18.218512247011496
1366 18.18827034093622
1367 18.186904222627497
1368 18.18503477662847
1369 18.180232654681202
1370 18.1756886211259
1371 18.160052396259797
1372 18.13923900785964
1373 18.135149757988284
1374 18.12487535087182
1375 18.115148987556953
1376 18.11454382315699
1377 18.09724176806554
1378 18.095896605598366
1379 18.09290050700786
1380 18.07912139044069
1381 18.06726339325371
1382 18.064007423924057
1383 18.05588613715187
1384 18.050837373452186
1385 18.03977619218747
1386 18.024008625555094
1387 18.014528790036316
1388 18.00265505360226
1389 18.002259078606013
1390 18.001512698198553
1391 17.995490719224183
1392 17.99180643102605
1393 17.98359559983606
1394 17.970554886028843
1395 17.968770510093808
1396 17.956950583637482
1397 17.952194718534113
1398 17.952188209434617
1399 17.940848258361118
1400 17.940699330043277
1401 17.934377509998303
1402 17.92425101299507
1403 17.92288794927924
1404 17.92042953728278
1405 17.919424446943424
1406 17.90978106570244
1407 17.876365641486814
1408 17.87452732247254
1409 17.87226255210348
1410 17.871538676671648
1411 17.833539432380245
1412 17.83344899040286
1413 17.81607251636355
1414 17.810918255316885
1415 17.808158238263957
1416 17.802798940843267
1417 17.80217723632034
1418 17.802172948310076
1419 17.801183746480746
1420 17.79009131781995
1421 17.789559615990264
1422 17.78651825793731
1423 17.78245920709099
1424 17.770988065930304
1425 17.764826859972008
1426 17.76331398827437
1427 17.761812731756923
1428 17.744494625721284
1429 17.741849575318632
1430 17.73572044087389
1431 17.722628205937475
1432 17.704835071367135
1433 17.693607836207907
1434 17.69215000528703
1435 17.687128012324287
1436 17.684861173255204
1437 17.684385655750784
1438 17.669495530025788
1439 17.658130829586145
1440 17.644911781286464
1441 17.639951706306412
1442 17.62745506011576
1443 17.625754497509803
1444 17.625258892603703
1445 17.618347997614492
1446 17.605646144927515
1447 17.56859357665545
1448 17.562049911152762
1449 17.558168871753825
1450 17.55228643639375
1451 17.54728645966098
1452 17.545569649455405
1453 17.536385564019163
1454 17.511846010252146
1455 17.511568132297334
1456 17.510319336273223
1457 17.49538143914427
1458 17.492654721067154
1459 17.473915522359828
1460 17.464750851920513
1461 17.462152993868983
1462 17.45830495876568
1463 17.457555593025866
1464 17.453564268455043
1465 17.449349154006168
1466 17.439644992576522
1467 17.4390809052194
1468 17.436045418390833
1469 17.434670002774023
1470 17.419878818646353
1471 17.406950326877933
1472 17.40436635597684
1473 17.40297210336266
1474 17.39907125123428
1475 17.392904573739813
1476 17.380849772176724
1477 17.379814018356917
1478 17.37041364231011
1479 17.35834197015623
1480 17.350178460868978
1481 17.34847186548193
1482 17.32842552400426
1483 17.313032935539983
1484 17.308973719464035
1485 17.30180130851606
1486 17.29421713980561
1487 17.27759764960529
1488 17.26462084601074
1489 17.256538761726002
1490 17.254805559820102
1491 17.248428148239867
1492 17.22891644787784
1493 17.228575388808487
1494 17.22827160533713
1495 17.223929015640458
1496 17.22325502825608
1497 17.211887867674516
1498 17.209883084191482
1499 17.208343554838798
1500 17.20770463447528
1501 17.20413760304035
1502 17.197109306235532
1503 17.195753678654526
1504 17.19513831579604
1505 17.16970476201833
1506 17.166128641892602
1507 17.163813930668912
1508 17.15674985432373
1509 17.1554701657889
1510 17.14827682247373
1511 17.14484253682964
1512 17.139896504425007
1513 17.13810390058601
1514 17.12756759778732
1515 17.11741616593654
1516 17.117319446735422
1517 17.108871821561042
1518 17.106403180753365
1519 17.105648609281513
1520 17.094069827176153
1521 17.090436791636797
1522 17.090190848326472
1523 17.08726528265164
1524 17.074801481644062
1525 17.07172561520564
1526 17.055823109298135
1527 17.050024009467904
1528 17.041321740627346
1529 17.028607817474953
1530 17.014505968224782
1531 17.009759960497018
1532 17.004439064854445
1533 16.994217665840633
1534 16.992003831560126
1535 16.9699087033116
1536 16.964635520109663
1537 16.962652038386842
1538 16.951089373567008
1539 16.94223143963756
1540 16.939454493056953
1541 16.936946802563
1542 16.934453798802153
1543 16.91936055086543
1544 16.91446740579869
1545 16.911827621763788
1546 16.908981620217766
1547 16.906037291038782
1548 16.892779159861053
1549 16.89055037034771
1550 16.888792708315172
1551 16.88426370943737
1552 16.883629713325366
1553 16.88288524656521
1554 16.881468508236964
1555 16.878051149963692
1556 16.8740007187949
1557 16.869466305659007
1558 16.865205237471265
1559 16.858267191856076
1560 16.847206304589353
1561 16.833828705915188
1562 16.821171869539253
1563 16.808788392599126
1564 16.80765011907479
1565 16.804283095239388
1566 16.802490632563288
1567 16.785264143754013
1568 16.77525227497754
1569 16.774426277621362
1570 16.771511987300084
1571 16.757397689190796
1572 16.750197698542106
1573 16.73113913259222
1574 16.716525484772827
1575 16.713284662161506
1576 16.71112274233396
1577 16.706993220946575
1578 16.68861074087154
1579 16.68801235620202
1580 16.68792880509978
1581 16.686247343049693
1582 16.684212138881207
1583 16.676234481570457
1584 16.67425140322251
1585 16.673802581834444
1586 16.664683935983007
1587 16.663553520824827
1588 16.65918982764687
1589 16.627473241501537
1590 16.620916310331808
1591 16.620898416232865
1592 16.62079555702721
1593 16.614671948118357
1594 16.60448455925286
1595 16.592774961918032
1596 16.58239409689057
1597 16.569098937047485
1598 16.564308722357055
1599 16.557164242879498
1600 16.55504506316174
1601 16.533695717470465
1602 16.529754529324453
1603 16.52451771426523
1604 16.524244912008783
1605 16.523712774717488
1606 16.522396445553554
1607 16.520540959412614
1608 16.515822703357856
1609 16.507665256653983
1610 16.505364719838674
1611 16.49765876222386
1612 16.496575132409784
1613 16.49188589130128
1614 16.48666201141828
1615 16.482359459550352
1616 16.481991259217793
1617 16.468502675511527
1618 16.45519996166145
1619 16.448791115646973
1620 16.44696241082867
1621 16.443053768519903
1622 16.440742939849674
1623 16.43846888039191
1624 16.43452762510363
1625 16.43331520427073
1626 16.43063631026014
1627 16.429580079773626
1628 16.41737197108501
1629 16.408433679305368
1630 16.395496289428447
1631 16.38913910138027
1632 16.384854974952283
1633 16.379189433536176
1634 16.378966961139465
1635 16.368743474813783
1636 16.365197855757987
1637 16.353644561253315
1638 16.347219524258836
1639 16.344150061642107
1640 16.331927586581955
1641 16.33091592675365
1642 16.323586674640786
1643 16.313556047059933
1644 16.312636516961817
1645 16.3106708177511
1646 16.30288922955468
1647 16.298278644960913
1648 16.29634689518565
1649 16.29048572939408
1650 16.272458948444697
1651 16.269315275334176
1652 16.265410505562024
1653 16.242182639749714
1654 16.227354338686634
1655 16.214468121585533
1656 16.21183060464528
1657 16.19393877718888
1658 16.193782611220357
1659 16.191269315968015
1660 16.187788312346523
1661 16.18408084265029
1662 16.17509604851242
1663 16.172759406120736
1664 16.16755873899868
1665 16.160854347388025
1666 16.14738256959708
1667 16.144882828528395
1668 16.13047499588485
1669 16.12252287176272
1670 16.122429329937308
1671 16.12043611187428
1672 16.11187642095395
1673 16.09755513875197
1674 16.092492054354153
1675 16.089442338753077
1676 16.08558514815934
1677 16.08467919116561
1678 16.078381948935593
1679 16.078278174499623
1680 16.07472986150238
1681 16.064454159767696
1682 16.060286821063404
1683 16.05959762260577
1684 16.05155050468062
1685 16.049648038610847
1686 16.04720008542765
1687 16.0398798602138
1688 16.037308556122248
1689 16.021376656540383
1690 16.020447209201123
1691 16.015086907155254
1692 15.9970787902825
1693 15.992084270925346
1694 15.988342171106853
1695 15.984044119765315
1696 15.983336859138749
1697 15.97429478723688
1698 15.971507485022364
1699 15.968384317737303
1700 15.968312342283639
1701 15.966369390133654
1702 15.965563747701085
1703 15.937666708115524
1704 15.922028443621807
1705 15.91527512903735
1706 15.90179933356942
1707 15.901337697291474
1708 15.899503235737518
1709 15.888807569199907
1710 15.880629696457529
1711 15.87560610209208
1712 15.874857014901405
1713 15.874739148379593
1714 15.87470425848416
1715 15.873805458374328
1716 15.872935775919826
1717 15.871428784523161
1718 15.866673819864562
1719 15.864908071445779
1720 15.864245034083622
1721 15.854973859716333
1722 15.848331505253187
1723 15.841030558936383
1724 15.837289343975877
1725 15.837259000419621
1726 15.834608773347089
1727 15.833520135321265
1728 15.832715544341742
1729 15.830600165788837
1730 15.82277559011442
1731 15.815213304288246
1732 15.808690625114822
1733 15.807464214684328
1734 15.80581441374924
1735 15.79872902715923
1736 15.77399043468022
1737 15.773040304079718
1738 15.77264394965566
1739 15.769621087283902
1740 15.761957659735197
1741 15.756186360884499
1742 15.748244386829409
1743 15.745149118005273
1744 15.731692566237896
1745 15.71969378977067
1746 15.713000686091782
1747 15.712517541220114
1748 15.712274581599212
1749 15.711075529651906
1750 15.709360594575585
1751 15.704701937500461
1752 15.69587698192324
1753 15.694626922269002
1754 15.69424233551402
1755 15.690385623472698
1756 15.671503593755661
1757 15.668062759641534
1758 15.660899886069567
1759 15.659230837438024
1760 15.644360973924192
1761 15.642019477668645
1762 15.63452780130472
1763 15.633800657164471
1764 15.62875500619143
1765 15.616616898602143
1766 15.612187695393647
1767 15.583052304441537
1768 15.578901872942765
1769 15.576978854675945
1770 15.575078164992089
1771 15.570462284970635
1772 15.566705551196812
1773 15.55571199559905
1774 15.552659886240717
1775 15.542541378905113
1776 15.54061562076974
1777 15.530152510771035
1778 15.52843393457124
1779 15.523886629911715
1780 15.521970941932908
1781 15.520650672065267
1782 15.5183530161855
1783 15.513611225733714
1784 15.510876389077715
1785 15.501378307262426
1786 15.498992348621119
1787 15.497544222785761
1788 15.485590438578742
1789 15.473982925115621
1790 15.473927406031992
1791 15.473529350256682
1792 15.471558936157605
1793 15.465727488413812
1794 15.454163324217559
1795 15.453892868162242
1796 15.453512172505647
1797 15.443913941898137
1798 15.439726013031436
1799 15.434360829333631
1800 15.430605398306849
1801 15.418711868009716
1802 15.415017258810597
1803 15.414118645131781
1804 15.407897477977736
1805 15.404700340285983
1806 15.385907224186925
1807 15.381513174885042
1808 15.378814204416027
1809 15.376978089725117
1810 15.362847343991202
1811 15.361844064191592
1812 15.345345326108347
1813 15.344279708285141
1814 15.340262759837882
1815 15.33302315526258
1816 15.328003557166246
1817 15.309148142027416
1818 15.303347014087015
1819 15.293225909789765
1820 15.292504434721785
1821 15.28923202623018
1822 15.288630458394495
1823 15.285471961574578
1824 15.281021060090609
1825 15.28087135636979
1826 15.280736111742993
1827 15.273315927810376
1828 15.267573742935218
1829 15.26664773028463
1830 15.261954178603194
1831 15.260026471428446
1832 15.259361550656005
1833 15.25780821382997
1834 15.256960551336643
1835 15.252531797556662
1836 15.25117165204258
1837 15.25098663157259
1838 15.25072365703261
1839 15.249774661568066
1840 15.241804017722867
1841 15.239945047260575
1842 15.239144984278935
1843 15.234781891369423
1844 15.2207372244383
1845 15.220731792846268
1846 15.218104411255155
1847 15.215669463422664
1848 15.213855412244946
1849 15.21252634131829
1850 15.203256399531364
1851 15.202126433117819
1852 15.194859483743489
1853 15.194184282560101
1854 15.19132647108294
1855 15.190577349437515
1856 15.189405029537278
1857 15.186718477113692
1858 15.183530751059298
1859 15.176245728655706
1860 15.173521315406582
1861 15.173320534615549
1862 15.168337790209277
1863 15.162988033449382
1864 15.158856665501268
1865 15.157427504231807
1866 15.153270225811772
1867 15.142479899761433
1868 15.136763381397495
1869 15.128887335905707
1870 15.114529888011349
1871 15.113376561133725
1872 15.112944226199106
1873 15.102063877495102
1874 15.088831166713547
1875 15.079952502949068
1876 15.074738663887718
1877 15.067334379969344
1878 15.061619711550371
1879 15.059294766654872
1880 15.047792196004423
1881 15.047682371319206
1882 15.043233937898469
1883 15.041573595138525
1884 15.039431541501962
1885 15.021322079001447
1886 15.020818306213755
1887 15.01133962646779
1888 15.008636021909108
1889 15.007804061193886
1890 15.003106890837623
1891 14.995631401374789
1892 14.990763959360091
1893 14.98306028864812
1894 14.980410246783348
1895 14.958413874090757
1896 14.93856148192655
1897 14.937835588728129
1898 14.927093299014137
1899 14.919956253638418
1900 14.91431067497149
1901 14.901706160463416
1902 14.892796123524326
1903 14.88955743895349
1904 14.88712901667457
1905 14.88116110515278
1906 14.875283855185275
1907 14.873509967183807
1908 14.86451675835909
1909 14.85435220387726
1910 14.84967299880723
1911 14.847778399128295
1912 14.847376825720255
1913 14.839874686224869
1914 14.8341116259772
1915 14.824346602446703
1916 14.811887313122897
1917 14.806797918387542
1918 14.806334600311992
1919 14.805998445726422
1920 14.802658810973481
1921 14.798264488136404
1922 14.79719750699458
1923 14.78891306337539
1924 14.781011691448262
1925 14.779535298485786
1926 14.778233729480892
1927 14.762225880827208
1928 14.755607605134747
1929 14.749546847078271
1930 14.744439906639533
1931 14.741286008464892
1932 14.738751129222699
1933 14.737729591010787
1934 14.727718287491959
1935 14.719645838836403
1936 14.717114641895371
1937 14.713552603017927
1938 14.704430242006312
1939 14.703229802886067
1940 14.680942255058907
1941 14.669339170548168
1942 14.66151636178825
1943 14.661008705781098
1944 14.643298450280504
1945 14.640670469518394
1946 14.632590997455164
1947 14.63062618842531
1948 14.623451063887995
1949 14.622358321715692
1950 14.619200444372687
1951 14.616172946447639
1952 14.608162728988292
1953 14.60128739137713
1954 14.597627201119868
1955 14.595652941075018
1956 14.59022669942361
1957 14.587472769202535
1958 14.586667604983926
1959 14.586073451557095
1960 14.584261391466239
1961 14.582320745904308
1962 14.574183944071866
1963 14.570167950173305
1964 14.565103826533147
1965 14.564739648740881
1966 14.564270342850982
1967 14.557882102375943
1968 14.556333977571665
1969 14.544052107894998
1970 14.541446629282552
1971 14.541048069555329
1972 14.540612590307118
1973 14.537252386323695
1974 14.536425050755446
1975 14.524978871942288
1976 14.522501803380454
1977 14.520862147944188
1978 14.518616150590221
1979 14.515029895886995
1980 14.51333384619959
1981 14.512548522081556
1982 14.495506619518897
1983 14.49256563405716
1984 14.484918008515244
1985 14.48468406913893
1986 14.483740195170071
1987 14.481019170851638
1988 14.475757898580852
1989 14.472742104412777
1990 14.460725692950453
1991 14.45957433827013
1992 14.458976811194884
1993 14.45734865579772
1994 14.455713778253928
1995 14.454832991816215
1996 14.451513698964314
1997 14.451347171052412
1998 14.450010728250572
1999 14.449487310972232
2000 14.448816614776986
2001 14.448574670960042
2002 14.443045651243523
2003 14.440075093085438
2004 14.436956171169237
2005 14.42756496171938
2006 14.409620623778592
2007 14.408338472000066
2008 14.403427376287315
2009 14.401142780786536
2010 14.392512971489094
2011 14.387211652797479
2012 14.382366424705626
2013 14.376551818554784
2014 14.364675576296374
2015 14.356487070640028
2016 14.354082431185127
2017 14.339608409756998
2018 14.33580109505074
2019 14.335336880440826
2020 14.332973108584943
2021 14.329823930891807
2022 14.32666596486453
2023 14.322799476830905
2024 14.32247523952169
2025 14.32126630179377
2026 14.320264411634492
2027 14.31563887128541
2028 14.312306299308556
2029 14.307576680882912
2030 14.305450770264901
2031 14.303554036530407
2032 14.301586185775726
2033 14.293752741750565
2034 14.292616020107873
2035 14.291526373749143
2036 14.285595443198853
2037 14.282130272671036
2038 14.28056388434472
2039 14.273054564318139
2040 14.268034032392011
2041 14.26608833733288
2042 14.26490935118968
2043 14.262130511399722
2044 14.261335754736146
2045 14.25610765888769
2046 14.252178531258762
2047 14.250585076821954
2048 14.250051544364853
2049 14.249889476294872
2050 14.244767376311387
2051 14.241498813383977
2052 14.240628918542207
2053 14.239655476147812
2054 14.23903470484664
2055 14.237479899328443
2056 14.234977230876806
2057 14.230973208757156
2058 14.21962124683709
2059 14.214106149879987
2060 14.20382669885027
2061 14.201703392026944
2062 14.201120035980257
2063 14.19638530498239
2064 14.193138741764075
2065 14.191478388716304
2066 14.18582641678905
2067 14.183960508737306
2068 14.180393871354928
2069 14.176683511143727
2070 14.171829846578348
2071 14.170678797758633
2072 14.160913063498137
2073 14.155782728787981
2074 14.148884697895243
2075 14.148278667999692
2076 14.146133633584965
2077 14.14601086375927
2078 14.13981151508885
2079 14.134055017894372
2080 14.122652409524067
2081 14.114370037967607
2082 14.111498815094366
2083 14.109012864693723
2084 14.101474289792808
2085 14.101286053676711
2086 14.100383216025044
2087 14.09646085234487
2088 14.087037750258313
2089 14.083496111196999
2090 14.081077128901265
2091 14.047515519628012
2092 14.046761591480694
2093 14.042485302446792
2094 14.040601363406953
2095 14.039929070759698
2096 14.03390577579852
2097 14.030668904345138
2098 14.019406178272313
2099 14.01379095544322
2100 14.010438831582523
2101 14.00589647067012
2102 14.002140222666366
2103 14.000247412805312
2104 13.998425289724315
2105 13.997436397542272
2106 13.995440819541667
2107 13.97626390623284
2108 13.963977090774177
2109 13.962188654320645
2110 13.959599803897463
2111 13.956808137058069
2112 13.953481792058339
2113 13.95134073552846
2114 13.942564092890388
2115 13.942388700571414
2116 13.939783829796625
2117 13.935563458372423
2118 13.928449579259176
2119 13.925881447039094
2120 13.925448677062167
2121 13.91502190620006
2122 13.912815064525551
2123 13.909944850881375
2124 13.905393322541356
2125 13.903804024119935
2126 13.894658439345957
2127 13.891763360702523
2128 13.890542146456516
2129 13.88827578552429
2130 13.887958515835225
2131 13.877325714129148
2132 13.862429599824384
2133 13.860966627044345
2134 13.858349716070935
2135 13.854808480889428
2136 13.854804889948957
2137 13.850753307814777
2138 13.841429529454386
2139 13.836654325033615
2140 13.82802042064397
2141 13.826342280281745
2142 13.826231518447507
2143 13.8256476484111
2144 13.825283129470737
2145 13.824425091988966
2146 13.824352871263747
2147 13.819156955255124
2148 13.814300438078087
2149 13.810997060781535
2150 13.807474979861965
2151 13.791714598313995
2152 13.790088141748168
2153 13.789223599635347
2154 13.771796785541168
2155 13.766814713904067
2156 13.766630657535677
2157 13.760680436574127
2158 13.758319551817147
2159 13.751511353604274
2160 13.748688895991489
2161 13.738649389246165
2162 13.73278419422217
2163 13.728249686062268
2164 13.72714996048914
2165 13.719060683827912
2166 13.717818389531036
2167 13.716282633760402
2168 13.714928855365484
2169 13.711607738762373
2170 13.711604745007314
2171 13.709762264556428
2172 13.700746481614956
2173 13.699515661690036
2174 13.692117082165554
2175 13.688712909914242
2176 13.686735394474555
2177 13.682565911061346
2178 13.669926479789291
2179 13.661143751910075
2180 13.657757429756778
2181 13.654091201853507
2182 13.652605054195773
2183 13.652432827095776
2184 13.649148217842628
2185 13.64528193250931
2186 13.643219370261187
2187 13.637106437988352
2188 13.632003839944367
2189 13.631123307250336
2190 13.627892632054992
2191 13.623439872789467
2192 13.61955259136388
2193 13.615092524941536
2194 13.614779789142343
2195 13.613501159428573
2196 13.603747315792866
2197 13.602097629562126
2198 13.600179215820758
2199 13.596419235798589
2200 13.594297918634911
2201 13.59104539163874
2202 13.590560136819999
2203 13.583632537325107
2204 13.582633768426497
2205 13.579050035546208
2206 13.578707127473248
2207 13.577918101296543
2208 13.575053733534666
2209 13.572845489613526
2210 13.570108321671126
2211 13.569186855261245
2212 13.567328232667258
2213 13.558640589820953
2214 13.55711709414003
2215 13.556733120516546
2216 13.53268037719019
2217 13.531543549376519
2218 13.528976499848707
2219 13.526471069917026
2220 13.516204432325052
2221 13.51091854756979
2222 13.51057478562908
2223 13.50993802156933
2224 13.509406428201405
2225 13.502961119015401
2226 13.50199296099879
2227 13.501261854036766
2228 13.499027582156613
2229 13.490727552747215
2230 13.484240816528827
2231 13.479381237633218
2232 13.47928735639566
2233 13.478818818546372
2234 13.476684006268608
2235 13.474338351602658
2236 13.473610196368936
2237 13.472483785054827
2238 13.467898891177942
2239 13.460187996364672
2240 13.454931713702917
2241 13.454198533514907
2242 13.45329289048017
2243 13.44225696191601
2244 13.438102770855808
2245 13.436167613201041
2246 13.436114263368017
2247 13.434354068387911
2248 13.430646750060115
2249 13.430251238569443
2250 13.428377897263145
2251 13.427317036826434
2252 13.4272613868637
2253 13.418581211886439
2254 13.412887760424061
2255 13.41136197032699
2256 13.40647185707281
2257 13.40556969845003
2258 13.403454677251187
2259 13.40299212689544
2260 13.402053623428818
2261 13.39567515031227
2262 13.394879767082045
2263 13.39366183672977
2264 13.384334595797153
2265 13.37699074637142
2266 13.371776863674759
2267 13.370485547797507
2268 13.363212946216999
2269 13.355073355494953
2270 13.344466427643196
2271 13.341188744036586
2272 13.336897128895723
2273 13.336452629400796
2274 13.335961013859706
2275 13.334764037403293
2276 13.333748564198174
2277 13.326516237262814
2278 13.324802311364119
2279 13.3232185646702
2280 13.319291619400484
2281 13.315442846929182
2282 13.312040504722734
2283 13.312003559668153
2284 13.310809079956597
2285 13.307581813443182
2286 13.307361874732864
2287 13.305768782757726
2288 13.29670987418223
2289 13.296118982169073
2290 13.292815660776732
2291 13.29140999850244
2292 13.285034776369805
2293 13.284606407286736
2294 13.28376165200141
2295 13.275700401095616
2296 13.27337216643524
2297 13.269406261415451
2298 13.260180375611156
2299 13.255207731164258
2300 13.25280674683232
2301 13.243366564321024
2302 13.243112837033184
2303 13.243025662667876
2304 13.242797229600756
2305 13.242378977868231
2306 13.239021333991062
2307 13.237875260849366
2308 13.235259641516588
2309 13.227346418272688
2310 13.223525676195695
2311 13.220928072270453
2312 13.218674849203708
2313 13.214388220488251
2314 13.213673664467116
2315 13.211671559922793
2316 13.204868286085786
2317 13.204650295952616
2318 13.20434795154107
2319 13.195659048130517
2320 13.195060923121844
2321 13.19000512924678
2322 13.184930506968014
2323 13.182852475676494
2324 13.17246100296657
2325 13.171227292324401
2326 13.170341199599982
2327 13.168060925224466
2328 13.156336552393714
2329 13.153162592241383
2330 13.152119592596888
2331 13.146737608913611
2332 13.143600690504982
2333 13.140283480241557
2334 13.135323733855017
2335 13.13062891008549
2336 13.127502767734406
2337 13.126717192740749
2338 13.125255399773636
2339 13.125091172787481
2340 13.123493434851886
2341 13.12034746083405
2342 13.11481758172001
2343 13.113342596716311
2344 13.112693806464057
2345 13.099565648968065
2346 13.082937156293566
2347 13.07384083841694
2348 13.05995945710908
2349 13.05665987381625
2350 13.055988728014828
2351 13.05536153506116
2352 13.053847591691643
2353 13.050053889035668
2354 13.039137831033651
2355 13.034600716536989
2356 13.033998124493333
2357 13.033007635230513
2358 13.030715978078792
2359 13.030213873618045
2360 13.02567293515922
2361 13.024010260309796
2362 13.01622044656475
2363 13.01547171003871
2364 13.012905063894708
2365 13.012893243454013
2366 13.009729490356069
2367 13.008503126015572
2368 13.008482863150856
2369 13.008445691143566
2370 13.008408027928105
2371 13.003602419710914
2372 12.996759334152387
2373 12.996576322390263
2374 12.989009693571607
2375 12.987461534367313
2376 12.97865490084963
2377 12.97773269869186
2378 12.97645849544617
2379 12.970269529924174
2380 12.96752106563509
2381 12.963068097863022
2382 12.949134627328679
2383 12.945394912781193
2384 12.94038655365897
2385 12.93557441413928
2386 12.934119807875327
2387 12.930628110178574
2388 12.926965608018081
2389 12.914335660096103
2390 12.905102710254601
2391 12.894327124617227
2392 12.885564051214438
2393 12.884526822654221
2394 12.881990783367021
2395 12.881960623177177
2396 12.881534879635982
2397 12.872068732112943
2398 12.86298502701301
2399 12.854447823632565
2400 12.85126032460101
2401 12.844804149342353
2402 12.833818784224555
2403 12.831562204236622
2404 12.831003960112822
2405 12.821439819164134
2406 12.819109884340039
2407 12.818576871556552
2408 12.81219750415825
2409 12.81108815210744
2410 12.805753474931258
2411 12.805710382688114
2412 12.804446004412567
2413 12.803197759371237
2414 12.795769986817568
2415 12.794733435719378
2416 12.788932641173446
2417 12.779757528822454
2418 12.779230578552857
2419 12.771042182417208
2420 12.768497508888254
2421 12.76774948266816
2422 12.767539542480085
2423 12.767190519764883
2424 12.766691236430097
2425 12.758668512529221
2426 12.757787697086458
2427 12.754837724515538
2428 12.750055298338014
2429 12.749098767101119
2430 12.741645449434465
2431 12.739542130406356
2432 12.732036723910653
2433 12.725570532302868
2434 12.723117021411298
2435 12.718296776674954
2436 12.716371531842205
2437 12.71092587910945
2438 12.707101158355048
2439 12.70703289255051
2440 12.701825724848264
2441 12.697441976180295
2442 12.694728887765544
2443 12.689673462849026
2444 12.687826385126565
2445 12.686613847887356
2446 12.68045072095386
2447 12.677909963720747
2448 12.674906835451205
2449 12.670303298867374
2450 12.670010559975793
2451 12.66771687988495
2452 12.665874633639476
2453 12.664940041103876
2454 12.664889705567099
2455 12.664027741816195
2456 12.660051411699328
2457 12.647366422579898
2458 12.645445661827331
2459 12.64244887127565
2460 12.641408517692442
2461 12.63811836130476
2462 12.637705363844677
2463 12.63694913723198
2464 12.63576493861664
2465 12.635746739932586
2466 12.63471285132925
2467 12.632045447643634
2468 12.632001776435335
2469 12.63008068326935
2470 12.60362660456751
2471 12.596953041821697
2472 12.594143370359513
2473 12.593090086302634
2474 12.591277870787481
2475 12.589135961908857
2476 12.588081281944815
2477 12.581570365806815
2478 12.579498669405686
2479 12.579187047996127
2480 12.578125857423721
2481 12.57442129988401
2482 12.567841461003582
2483 12.566513950232922
2484 12.5648832579786
2485 12.564121324267575
2486 12.563943581621706
2487 12.559555509823245
2488 12.55829491983869
2489 12.551578474562296
2490 12.548050706087704
2491 12.545407340510984
2492 12.543322640205101
2493 12.540527913905262
2494 12.53863308527341
2495 12.537030526428422
2496 12.535978364131008
2497 12.526456434227837
2498 12.526355239471256
2499 12.523224361586323
2500 12.521135085565179
2501 12.51955677049154
2502 12.519492077300065
2503 12.518743178037004
2504 12.512984343449348
2505 12.509359140715272
2506 12.503901474884774
2507 12.50180357114964
2508 12.500271115718462
2509 12.497634808417716
2510 12.492414596106425
2511 12.477189224881869
2512 12.475423384945728
2513 12.47296380016221
2514 12.47184940403401
2515 12.471829200644914
2516 12.467316358201577
2517 12.462233333388115
2518 12.460336395933087
2519 12.457259998785831
2520 12.448874592227115
2521 12.430987305330422
2522 12.430407293610484
2523 12.430327714124651
2524 12.426907089024304
2525 12.422193246886264
2526 12.420540132004303
2527 12.41927653611215
2528 12.417022698040968
2529 12.412033420761603
2530 12.409131265502687
2531 12.408339978332368
2532 12.406805838728836
2533 12.405187595553596
2534 12.405120915580811
2535 12.403473314092102
2536 12.403442615511594
2537 12.401887078779938
2538 12.401325690887887
2539 12.399917325861402
2540 12.398457295435383
2541 12.388104640294118
2542 12.387349783090412
2543 12.383554004129527
2544 12.382551388790695
2545 12.376649479706126
2546 12.369298911053091
2547 12.36918578818742
2548 12.364341243529639
2549 12.363785556990372
2550 12.361291209078168
2551 12.360182275515907
2552 12.352449930447587
2553 12.350061708431927
2554 12.34572550949249
2555 12.345299426727054
2556 12.344855750516569
2557 12.344676977617128
2558 12.341723416649186
2559 12.337938445204271
2560 12.336253896580619
2561 12.336030230431547
2562 12.335290130443056
2563 12.33137201475095
2564 12.331193801675793
2565 12.33081780489067
2566 12.33031347647198
2567 12.325733420766642
2568 12.324416056331746
2569 12.314997662964872
2570 12.314527855913271
2571 12.3135267047017
2572 12.312950588900879
2573 12.310597094432016
2574 12.307984963519932
2575 12.307715925601524
2576 12.306588124840003
2577 12.305574754171234
2578 12.302297525263313
2579 12.300909566412633
2580 12.29854022908834
2581 12.298305427473288
2582 12.295188375938347
2583 12.291593518159942
2584 12.28896208866018
2585 12.287439334768722
2586 12.278472706677164
2587 12.276138102153515
2588 12.274357423811344
2589 12.268210967018037
2590 12.268156288570566
2591 12.266338750874276
2592 12.266266431809449
2593 12.263645513313346
2594 12.25483232620147
2595 12.248016923615136
2596 12.247572527650622
2597 12.2462278030948
2598 12.245158760640017
2599 12.243311674062252
2600 12.240600341875888
2601 12.239554843131504
2602 12.237637764309016
2603 12.236665497167953
2604 12.236057478018818
2605 12.234391651668718
2606 12.229156449799726
2607 12.226925253262008
2608 12.225981179176996
2609 12.225425125064989
2610 12.224786784319553
2611 12.222963560422325
2612 12.218132977377303
2613 12.215276348448551
2614 12.214190363433433
2615 12.213489312007345
2616 12.211558481137956
2617 12.211322753512228
2618 12.209184898045262
2619 12.204301763743231
2620 12.203320440629483
2621 12.199131638716226
2622 12.187162322962719
2623 12.186384325311334
2624 12.18502083156471
2625 12.184309289008858
2626 12.181102276458201
2627 12.175993308765966
2628 12.1694942727695
2629 12.165206342277447
2630 12.165096746240108
2631 12.162583184585888
2632 12.155846347304887
2633 12.148988671956303
2634 12.147930055255125
2635 12.146979996414915
2636 12.146949146451782
2637 12.143451727870524
2638 12.142902380408978
2639 12.13993352462294
2640 12.13575552858573
2641 12.132064918101527
2642 12.131790825145655
2643 12.13106702711093
2644 12.130316826161806
2645 12.128284024318168
2646 12.125663302752308
2647 12.12234211197394
2648 12.121131825712567
2649 12.11699699589761
2650 12.115530334624458
2651 12.107274634767297
2652 12.102112510276482
2653 12.099889787937
2654 12.096966949365616
2655 12.093693019433855
2656 12.093590862282499
2657 12.078731744680837
2658 12.078112419351315
2659 12.0775709720508
2660 12.076999667244674
2661 12.07469315754908
2662 12.071395656480549
2663 12.06780246128766
2664 12.06707902943295
2665 12.064476114776816
2666 12.061455207124904
2667 12.061397638009236
2668 12.058739176190237
2669 12.057130371763645
2670 12.055661578002788
2671 12.04366041654256
2672 12.039917235531664
2673 12.034085307874161
2674 12.025338283741362
2675 12.024365908233609
2676 12.024361795391336
2677 12.02266690004391
2678 12.015757297851044
2679 12.010455469770742
2680 12.006773761257799
2681 12.004148060646221
2682 12.00150042418115
2683 12.000853825236169
2684 11.997911510504386
2685 11.995932523463996
2686 11.990745209257005
2687 11.986243606816151
2688 11.98446802280319
2689 11.983667835935087
2690 11.975691839771626
2691 11.971765930197996
2692 11.965099156660937
2693 11.960755189762377
2694 11.959622373785852
2695 11.959295773201807
2696 11.959066647172465
2697 11.954527824754681
2698 11.952680595089126
2699 11.952137800411611
2700 11.950396992559718
2701 11.948627993516052
2702 11.943483153001155
2703 11.937561142968672
2704 11.936211990586184
2705 11.935960162553597
2706 11.933923611759466
2707 11.932638119731076
2708 11.929268659827443
2709 11.926656944758903
2710 11.925296894160624
2711 11.923163735171226
2712 11.918079637839176
2713 11.911012452559909
2714 11.910941054801064
2715 11.907882680607006
2716 11.902697832784044
2717 11.90215744444012
2718 11.901902602484219
2719 11.899599793874204
2720 11.890197125642658
2721 11.886419328221258
2722 11.886252384670582
2723 11.886196769820312
2724 11.885222515446548
2725 11.87975462244476
2726 11.874633317887017
2727 11.869897992192957
2728 11.868576382179102
2729 11.864425398506468
2730 11.861863841293657
2731 11.861248738333925
2732 11.861175452559772
2733 11.86035457716828
2734 11.859953372802186
2735 11.858778691129364
2736 11.858358525687864
2737 11.854026271418409
2738 11.851783741042928
2739 11.843860577602022
2740 11.842831673934464
2741 11.841912836311261
2742 11.839631524378715
2743 11.838750277837796
2744 11.83763247362375
2745 11.823709703975396
2746 11.809166299442634
2747 11.809103637032289
2748 11.809062746095725
2749 11.807274886980498
2750 11.807019849863694
2751 11.806858964525253
2752 11.79716553957275
2753 11.787357466252708
2754 11.78705740760214
2755 11.783966818601574
2756 11.781355158750896
2757 11.778203105551421
2758 11.774230810545943
2759 11.771574187374476
2760 11.769215906171771
2761 11.767555053223909
2762 11.767396352120326
2763 11.765866079614783
2764 11.760356883602403
2765 11.760068260529492
2766 11.755843476374126
2767 11.748312993901266
2768 11.73763123791339
2769 11.735435789329715
2770 11.735240833997317
2771 11.730865714703913
2772 11.729415098512192
2773 11.723228509412467
2774 11.722747833495053
2775 11.720610541562936
2776 11.716279181954318
2777 11.716214235078048
2778 11.715823800263715
2779 11.714527960416087
2780 11.711632267162758
2781 11.706430876048389
2782 11.704427765779197
2783 11.703591337894562
2784 11.69712304568302
2785 11.696091696790669
2786 11.695713194751157
2787 11.695424947107599
2788 11.692194173279118
2789 11.687618175880402
2790 11.68210677694128
2791 11.678988970750982
2792 11.678656189123016
2793 11.678046826595022
2794 11.672960780997794
2795 11.672300628317778
2796 11.671187537021114
2797 11.669942345560344
2798 11.668403971517035
2799 11.665734764443497
2800 11.665071519426037
2801 11.664287973100494
2802 11.663862553766823
2803 11.663626777059836
2804 11.659373240790227
2805 11.650403710326877
2806 11.650095099333578
2807 11.649823741828852
2808 11.647840562794125
2809 11.642437805593307
2810 11.635967960557863
2811 11.635020627472752
2812 11.634661766211517
2813 11.63135953052713
2814 11.628770764629364
2815 11.628479397800927
2816 11.619839459265782
2817 11.617935852268918
2818 11.61323670242768
2819 11.611983027363225
2820 11.609557078007422
2821 11.607881762342323
2822 11.605919104284462
2823 11.602591488037044
2824 11.601981928295663
2825 11.597332344988239
2826 11.597092623254053
2827 11.596263590683332
2828 11.590113788022833
2829 11.587197629272
2830 11.584026543249275
2831 11.583906117841815
2832 11.583436556802353
2833 11.578187813611944
2834 11.575803510619403
2835 11.573336880195647
2836 11.56755638443059
2837 11.56745881406332
2838 11.566852488378244
2839 11.565853054720975
2840 11.565493932063443
2841 11.565211628143572
2842 11.558804626747019
2843 11.556433161437612
2844 11.55151815902557
2845 11.550855715007785
2846 11.543606955800128
2847 11.542415577142881
2848 11.54104985352591
2849 11.538877929829132
2850 11.537468344411822
2851 11.537044304939936
2852 11.53325904442379
2853 11.531806872474784
2854 11.531686095502911
2855 11.525498659672948
2856 11.525103994503036
2857 11.524955062503865
2858 11.523370714864335
2859 11.518943107064995
2860 11.515490901809148
2861 11.514037596690265
2862 11.51312123243574
2863 11.507167211163443
2864 11.503895819280272
2865 11.503092780106606
2866 11.489714781077884
2867 11.488834704860642
2868 11.48862271677177
2869 11.486000445012102
2870 11.480144730298074
2871 11.474271357638036
2872 11.470813129102053
2873 11.465189608147874
2874 11.463053698207993
2875 11.46089720742226
2876 11.459831855496981
2877 11.455956786204728
2878 11.452137479370847
2879 11.452046880826211
2880 11.448187190885827
2881 11.44754918107586
2882 11.441331860685937
2883 11.440621867007971
2884 11.438114033032166
2885 11.434303238866695
2886 11.424744452169847
2887 11.423554861198879
2888 11.42347855254062
2889 11.419502988861295
2890 11.418825254387926
2891 11.413463320802034
2892 11.41340980555891
2893 11.40921991675279
2894 11.408301448821367
2895 11.408269795059864
2896 11.40747301677425
2897 11.40742593306161
2898 11.406480265721504
2899 11.406403706188575
2900 11.405357236130756
2901 11.404942221890494
2902 11.403520785958186
2903 11.401567537188626
2904 11.393442290442374
2905 11.391902651460535
2906 11.388467613321875
2907 11.388172049359374
2908 11.385426560073018
2909 11.385072972813278
2910 11.383322083078097
2911 11.382492981962507
2912 11.380990258551659
2913 11.378962936936533
2914 11.376045344174589
2915 11.375990551729217
2916 11.37496729040865
2917 11.373498981034745
2918 11.370359327487868
2919 11.367734363368017
2920 11.360915650366355
2921 11.358302011809293
2922 11.357492951542572
2923 11.352419569382779
2924 11.352401107247331
2925 11.349195479288092
2926 11.348074253092394
2927 11.348037136182642
2928 11.347796439332932
2929 11.34566479863832
2930 11.345242919887916
2931 11.34484540296718
2932 11.34014322420431
2933 11.339701672212668
2934 11.337797181995487
2935 11.33387979502621
2936 11.323759374927198
2937 11.32024599314229
2938 11.319679316325281
2939 11.317438180660362
2940 11.316880514667831
2941 11.313201827841134
2942 11.311364013011142
2943 11.304221035370466
2944 11.300026026184776
2945 11.296339598721666
2946 11.293290924939464
2947 11.288724213063544
2948 11.285538233617459
2949 11.283775579787648
2950 11.28363905020455
2951 11.27336760464757
2952 11.271238807661083
2953 11.268344996265615
2954 11.262181265629408
2955 11.2558570234074
2956 11.254949523935322
2957 11.254902684453498
2958 11.254365441857871
2959 11.251317890377626
2960 11.245378756855748
2961 11.243324394952873
2962 11.242338219019988
2963 11.240041681034286
2964 11.2389718531689
2965 11.238605486613164
2966 11.233416586721473
2967 11.230847598011426
2968 11.228918033996385
2969 11.226738934968102
2970 11.219945242596248
2971 11.21986872517585
2972 11.219806433957503
2973 11.216125344770912
2974 11.205635584564625
2975 11.201505254693169
2976 11.200762790122015
2977 11.198733323936597
2978 11.197027828322831
2979 11.190959004339954
2980 11.188725708992685
2981 11.188443303079355
2982 11.186262019615572
2983 11.180720424030614
2984 11.179523261842737
2985 11.178431082906462
2986 11.175433157545191
2987 11.17071754329179
2988 11.17036439910702
2989 11.169125828102931
2990 11.167569841654101
2991 11.166978906373497
2992 11.166127098302539
2993 11.162293226036837
2994 11.159629578301727
2995 11.156774845666973
2996 11.15323549340577
2997 11.147647846730695
2998 11.14665526955288
2999 11.141694331908516
3000 11.139601515258311
3001 11.137238973118075
3002 11.135881656775364
3003 11.13508189956467
3004 11.134127612077016
3005 11.133042406602158
3006 11.132061205318037
3007 11.129904296148386
3008 11.129898556346012
3009 11.129561424049825
3010 11.125364955399862
3011 11.117712820616946
3012 11.117705754779104
3013 11.115549180592906
3014 11.115448425238236
3015 11.107374949631009
3016 11.105044260841145
3017 11.099519931001074
3018 11.09591610229574
3019 11.093450816761017
3020 11.092731630464735
3021 11.090212978468086
3022 11.08858890727582
3023 11.08819831406175
3024 11.086333816465253
3025 11.07927585737232
3026 11.072677186625901
3027 11.06049632715885
3028 11.0601026265934
3029 11.060029241964777
3030 11.057502133143576
3031 11.056540502853773
3032 11.052501383763625
3033 11.0495492066317
3034 11.049457416901825
3035 11.049256316696734
3036 11.046834021015789
3037 11.043548840576674
3038 11.040381451140458
3039 11.029087211971014
3040 11.021684867946151
3041 11.01920153044569
3042 11.014703729504811
3043 11.014186450051843
3044 11.006574183983403
3045 11.00405989957044
3046 10.991236263664929
3047 10.988745046062528
3048 10.987619968606847
3049 10.985833744662076
3050 10.984707711623193
3051 10.983558402377252
3052 10.981942515691404
3053 10.981833639140335
3054 10.981463295403186
3055 10.981113880715496
3056 10.980744283032234
3057 10.974987446077007
3058 10.974072454381526
3059 10.972013892653752
3060 10.970051423792695
3061 10.951830223236756
3062 10.945883021511271
3063 10.94150133249897
3064 10.937826093887095
3065 10.935414973242548
3066 10.93533581773357
3067 10.934427858066547
3068 10.929147615620447
3069 10.92830387035922
3070 10.927603893500962
3071 10.921011309598804
3072 10.911717924805945
3073 10.911007481557057
3074 10.907159457180738
3075 10.904639665862817
3076 10.901620217423662
3077 10.89338771083103
3078 10.891342617991535
3079 10.890553358203292
3080 10.889948822230663
3081 10.888877948930457
3082 10.888508050164319
3083 10.886881001829572
3084 10.88632391911973
3085 10.881762447798268
3086 10.87544075410332
3087 10.873765279423797
3088 10.872293241032542
3089 10.86603873678117
3090 10.860929456205145
3091 10.85965501979014
3092 10.858337612817587
3093 10.857506375436948
3094 10.856227445457616
3095 10.855246761999926
3096 10.843191942756729
3097 10.842665978091125
3098 10.841745547008518
3099 10.841502819675995
3100 10.840858782975014
3101 10.837700459028099
3102 10.837375907587658
3103 10.832691760384835
3104 10.83196801259167
3105 10.831530716608011
3106 10.82893216650719
3107 10.8262232513997
3108 10.824168213697074
3109 10.820850521703969
3110 10.816293394020958
3111 10.81563310748563
3112 10.814418628749472
3113 10.813720164446641
3114 10.81134643013057
3115 10.80883315144384
3116 10.808211511732486
3117 10.806960344378327
3118 10.799714942951015
3119 10.794034219669761
3120 10.789635575579956
3121 10.78243923572167
3122 10.77984739854929
3123 10.779594748271805
3124 10.777026424255602
3125 10.774232532440559
3126 10.773774122971231
3127 10.772140136560127
3128 10.767332728160007
3129 10.764681757455874
3130 10.763927947831974
3131 10.762175988182303
3132 10.760154974316105
3133 10.758344432550045
3134 10.756433274146465
3135 10.754753805848567
3136 10.754158471999272
3137 10.749346812615865
3138 10.744688972726191
3139 10.744090082591667
3140 10.741274988976315
3141 10.740694502972215
3142 10.737957843087285
3143 10.733307069307598
3144 10.731044636014266
3145 10.728464933129779
3146 10.727569249722556
3147 10.724172947019284
3148 10.721791844972778
3149 10.719802119452181
3150 10.717613583691632
3151 10.712830226605345
3152 10.712084663135025
3153 10.706435676539222
3154 10.704920311408502
3155 10.697905360278694
3156 10.696568380285026
3157 10.692056063532526
3158 10.691574639793757
3159 10.686662153275984
3160 10.684952764245605
3161 10.68427825282546
3162 10.682453305947142
3163 10.681461884170913
3164 10.681279553980824
3165 10.67628284023721
3166 10.676084056819123
3167 10.671428728633378
3168 10.664771167567606
3169 10.664534590470701
3170 10.65449833590806
3171 10.654277992144198
3172 10.653680203672076
3173 10.652527070539941
3174 10.644712130855911
3175 10.638719401487196
3176 10.634637571316146
3177 10.63341790225794
3178 10.6327133561873
3179 10.628657689153936
3180 10.62795281562984
3181 10.620815643052406
3182 10.620755123333087
3183 10.619821656313013
3184 10.61836838222469
3185 10.61755209502882
3186 10.615916315735955
3187 10.61513971562967
3188 10.614448915405275
3189 10.610137895653235
3190 10.610060602697603
3191 10.598811303987178
3192 10.594368581911928
3193 10.592537047749888
3194 10.584215569931027
3195 10.581312823773656
3196 10.580845671044141
3197 10.579857034684146
3198 10.577578349690912
3199 10.577322410172995
3200 10.568324887142065
3201 10.565713080271532
3202 10.564759549005899
3203 10.561637574306607
3204 10.561351617059742
3205 10.561262121331536
3206 10.558510135924712
3207 10.554725011448573
3208 10.55463653468551
3209 10.55245789644444
3210 10.55183083373631
3211 10.54459907258964
3212 10.543257115299873
3213 10.541027644380934
3214 10.540839447396516
3215 10.537439042819827
3216 10.533769029706624
3217 10.532990630225031
3218 10.532042834347104
3219 10.529023069199537
3220 10.528902789201505
3221 10.522702832174433
3222 10.519921056401678
3223 10.514729547960348
3224 10.511948747197081
3225 10.507041198742405
3226 10.50522942114941
3227 10.503842869232832
3228 10.500920148725005
3229 10.492593755820234
3230 10.491420206871537
3231 10.489038949330027
3232 10.488026398490156
3233 10.484963063590028
3234 10.479961226489321
3235 10.475693389836643
3236 10.4743281602044
3237 10.46787718354767
3238 10.464892560286522
3239 10.463314968176862
3240 10.457893090931638
3241 10.45596320797037
3242 10.455874778235133
3243 10.453012844614783
3244 10.450978056002189
3245 10.448524352984366
3246 10.447938388639926
3247 10.44683625771421
3248 10.444502916125991
3249 10.443654801806632
3250 10.442435699715316
3251 10.441266026110032
3252 10.436068097136285
3253 10.434039190716998
3254 10.431679999325976
3255 10.419674800012025
3256 10.415806078775121
3257 10.411029537148677
3258 10.402795584967643
3259 10.40247800551941
3260 10.39402593093125
3261 10.386091048265174
3262 10.380276248337701
3263 10.380003570626307
3264 10.379494841812699
3265 10.377156632108337
3266 10.373404969465533
3267 10.37304680209426
3268 10.372246142427796
3269 10.369501383745957
3270 10.366710456693827
3271 10.365937335433117
3272 10.365595551994016
3273 10.364247096268073
3274 10.362978102892429
3275 10.360190294764635
3276 10.359018462784386
3277 10.356662959503954
3278 10.355366856303247
3279 10.353996134243584
3280 10.352558161515017
3281 10.349569879438588
3282 10.339931220369138
3283 10.339035655240846
3284 10.334186799565465
3285 10.330218976189515
3286 10.329465139063021
3287 10.327372824972466
3288 10.327196310486576
3289 10.326407003854985
3290 10.32622201105022
3291 10.322710510792477
3292 10.319788868102657
3293 10.319440742884781
3294 10.318495070933718
3295 10.315901952060358
3296 10.31379211141176
3297 10.313583718465535
3298 10.312791503601295
3299 10.308064885208807
3300 10.308056472876677
3301 10.307976817581244
3302 10.295524029555782
3303 10.291641285120413
3304 10.290485650609892
3305 10.287825610807872
3306 10.286727983177899
3307 10.280876106022198
3308 10.280494377785143
3309 10.278840364762
3310 10.272599101648632
3311 10.271204550504986
3312 10.270629677699093
3313 10.270024908619003
3314 10.258702578255148
3315 10.258078149213471
3316 10.256153982923681
3317 10.253027852326603
3318 10.25267235973647
3319 10.251808769173087
3320 10.249213746367186
3321 10.24625416965425
3322 10.243708802411861
3323 10.239947842205538
3324 10.239261031363288
3325 10.236931904680409
3326 10.23572393338574
3327 10.23526301967197
3328 10.232766640241904
3329 10.22804700167665
3330 10.222645331813125
3331 10.218611617220494
3332 10.217370811293897
3333 10.216473915880773
3334 10.211383208339555
3335 10.209059940968658
3336 10.204261072612669
3337 10.200921352751905
3338 10.19534991281556
3339 10.19497943138066
3340 10.190030054828684
3341 10.189100300798856
3342 10.187337930555783
3343 10.186683159200076
3344 10.18218300923807
3345 10.17641103706801
3346 10.17575898502496
3347 10.174984984153946
3348 10.174002126314456
3349 10.172519492275526
3350 10.172510314849573
3351 10.171115937049313
3352 10.166504083399401
3353 10.165422047195445
3354 10.164336252886818
3355 10.16327119551339
3356 10.159814620376947
3357 10.155263084188311
3358 10.154944595934866
3359 10.153864267151128
3360 10.153196902019618
3361 10.146522658711573
3362 10.14636457729434
3363 10.14615913703577
3364 10.146118923986009
3365 10.144501482704397
3366 10.138028302801468
3367 10.136610159277142
3368 10.13395356444398
3369 10.132469565810759
3370 10.132213583062219
3371 10.13072904833956
3372 10.130365619675585
3373 10.129657563551376
3374 10.125252917039147
3375 10.122502411270242
3376 10.120733531960882
3377 10.117434845986118
3378 10.116722246358652
3379 10.108820851207698
3380 10.108184403774048
3381 10.10776947232378
3382 10.101608762861638
3383 10.098337156313969
3384 10.097262581221187
3385 10.094364718744924
3386 10.093696345102959
3387 10.091071674860922
3388 10.09074644459001
3389 10.088494713733112
3390 10.085141825350066
3391 10.08474282169006
3392 10.083583137821057
3393 10.076850927916423
3394 10.073111634865588
3395 10.07055828849178
3396 10.070454564797169
3397 10.06889355061346
3398 10.066493058296896
3399 10.059795873203319
3400 10.055548228797043
3401 10.054910358393899
3402 10.052794043149294
3403 10.050590521578936
3404 10.049970208900097
3405 10.048505829182341
3406 10.048455421346278
3407 10.045971884253744
3408 10.045189437205062
3409 10.044896824149978
3410 10.04056634852068
3411 10.040340056300884
3412 10.033135779922791
3413 10.031369620020488
3414 10.027913372584084
3415 10.023937918334175
3416 10.023907653736122
3417 10.022975544074368
3418 10.022836174088663
3419 10.022671714753413
3420 10.022557835594455
3421 10.020797496267447
3422 10.016564303166552
3423 10.013846198267707
3424 10.013094520208456
3425 10.012532350069351
3426 10.012015168203781
3427 10.011014845932682
3428 10.010066310453977
3429 10.009974525875222
3430 10.008920150522352
3431 9.999332962100326
3432 9.997765416088756
3433 9.99609221632457
3434 9.993628655799336
3435 9.99360780702743
3436 9.992212469775845
3437 9.99168339577587
3438 9.99147722243004
3439 9.988552790327628
3440 9.983798587735672
3441 9.979308451162613
3442 9.979186033707549
3443 9.977146139759475
3444 9.976941934742765
3445 9.976146013193613
3446 9.9719096256785
3447 9.969872533581695
3448 9.966575571874204
3449 9.964346125153604
3450 9.961975095736292
3451 9.95664973195782
3452 9.956339004183235
3453 9.953008004186296
3454 9.947885487866468
3455 9.944666689216028
3456 9.942971168584194
3457 9.940817733066726
3458 9.937669200319686
3459 9.936627561220948
3460 9.935177824868486
3461 9.934093160234953
3462 9.931958248048476
3463 9.930891998801583
3464 9.92712081377464
3465 9.925284961873988
3466 9.923735984459384
3467 9.92203117871442
3468 9.918999347218104
3469 9.911647039016396
3470 9.91117968154478
3471 9.900209472240002
3472 9.898976559076134
3473 9.890743049129606
3474 9.883549840210478
3475 9.87443667894481
3476 9.874012501648219
3477 9.873142539958996
3478 9.873130526530469
3479 9.872549841966626
3480 9.872469059858984
3481 9.87222638898867
3482 9.867767789993328
3483 9.866892315527323
3484 9.864149860163733
3485 9.863050414785546
3486 9.85781058942448
3487 9.8555446295283
3488 9.852769240028545
3489 9.852584191595676
3490 9.847659759642275
3491 9.84754213918909
3492 9.84709931189454
3493 9.845009581461126
3494 9.842758586401878
3495 9.841771346929699
3496 9.840373857296434
3497 9.840159895485355
3498 9.839901625915099
3499 9.831958579204152
3500 9.83091819761108
3501 9.830323203062205
3502 9.830205672977364
3503 9.827721343056808
3504 9.824965393373185
3505 9.823039100836862
3506 9.812541897128053
3507 9.81234477486913
3508 9.811363561990845
3509 9.810666640344314
3510 9.806769691472319
3511 9.80638606943396
3512 9.806193809108377
3513 9.802527724299644
3514 9.802055002644272
3515 9.801480484220583
3516 9.801454189627123
3517 9.797110144154747
3518 9.796982898398165
3519 9.795025369457154
3520 9.794801023084204
3521 9.788623649264197
3522 9.788279819067732
3523 9.786939604735156
3524 9.785575040353658
3525 9.782454419132387
3526 9.779069620758309
3527 9.776147768238467
3528 9.775774539997938
3529 9.772550724445024
3530 9.770301736874687
3531 9.770128483742445
3532 9.765392954095779
3533 9.763475525653051
3534 9.762632771127901
3535 9.758883494822971
3536 9.758744846524932
3537 9.757654076611356
3538 9.756957919598484
3539 9.754055657737378
3540 9.751189305466301
3541 9.747702787734724
3542 9.743695353559982
3543 9.743021817528195
3544 9.742611912635798
3545 9.741150280911874
3546 9.737191253118441
3547 9.7330976795242
3548 9.732901522717283
3549 9.730363821969586
3550 9.729931101600446
3551 9.729344663285843
3552 9.72874829688893
3553 9.711678847899938
3554 9.71029016998341
3555 9.705536222847073
3556 9.705192426014253
3557 9.703901385475264
3558 9.703422711966375
3559 9.701527332828661
3560 9.699037500159141
3561 9.698820616702891
3562 9.69756601953465
3563 9.696913038949194
3564 9.69689342770237
3565 9.694921934050418
3566 9.691102094575786
3567 9.689638312851821
3568 9.68509653195525
3569 9.684132513220652
3570 9.683457739958564
3571 9.682575414131682
3572 9.681469744623925
3573 9.678204877644365
3574 9.67669915950933
3575 9.67521031365631
3576 9.674634659362296
3577 9.672011401184735
3578 9.671997050163762
3579 9.671906951491245
3580 9.67186747466546
3581 9.66757474932948
3582 9.663894254600924
3583 9.663088314009133
3584 9.658236098296033
3585 9.657047447870395
3586 9.656146757809905
3587 9.654884040909282
3588 9.654848141489978
3589 9.654530543614204
3590 9.654032238794674
3591 9.653757634964569
3592 9.649654390700677
3593 9.649079508038417
3594 9.647712339381519
3595 9.645654247058049
3596 9.636445816276776
3597 9.635031672991541
3598 9.633483466637303
3599 9.631928380442146
3600 9.63045665578099
3601 9.630059116487141
3602 9.621953673374614
3603 9.619864544218684
3604 9.61676954561862
3605 9.610331826755923
3606 9.610196020695383
3607 9.609888270863225
3608 9.609135424826729
3609 9.608767790083737
3610 9.60684938286478
3611 9.605623638288359
3612 9.605184890736766
3613 9.597647760031
3614 9.597099793264963
3615 9.595592944252163
3616 9.595531454158293
3617 9.593296058992767
3618 9.591178015057107
3619 9.590334422178035
3620 9.58759474798851
3621 9.583867601943272
3622 9.583688379582316
3623 9.580699777798156
3624 9.579204938660176
3625 9.578949873506474
3626 9.575170262065356
3627 9.570223429134055
3628 9.569721625381554
3629 9.568776713859645
3630 9.565448659996061
3631 9.565435435101525
3632 9.563436636956604
3633 9.562702818827026
3634 9.555206219710914
3635 9.553662634908319
3636 9.543852344583636
3637 9.540822226508016
3638 9.540263412573944
3639 9.539225688958336
3640 9.532655188659053
3641 9.532077637676
3642 9.531742015051694
3643 9.530892203772593
3644 9.528959208269228
3645 9.526008128508025
3646 9.525201677131689
3647 9.516051755145742
3648 9.513254605712133
3649 9.512160809079662
3650 9.511346530405056
3651 9.511178155108151
3652 9.507766923953282
3653 9.504333313930447
3654 9.50057246531439
3655 9.499036343296067
3656 9.498366290509022
3657 9.490017143962014
3658 9.489810638535664
3659 9.48918918862028
3660 9.488929498039155
3661 9.48703449767125
3662 9.48539846128852
3663 9.480792869488972
3664 9.480192964772018
3665 9.4725103642329
3666 9.47080184670801
3667 9.467297978445362
3668 9.462711205816655
3669 9.460648033081332
3670 9.460302591072958
3671 9.46026167986318
3672 9.458836657516388
3673 9.458359525209758
3674 9.445799703714338
3675 9.444407536243746
3676 9.441748528766844
3677 9.440920786588505
3678 9.437782147406136
3679 9.437218605169486
3680 9.436242484353919
3681 9.43426817437046
3682 9.429348119956622
3683 9.42930414070328
3684 9.427900880726767
3685 9.4243697404654
3686 9.423300220962764
3687 9.421470693570877
3688 9.419181449038069
3689 9.417360800622822
3690 9.414515230554764
3691 9.412570400982176
3692 9.407122295470845
3693 9.403634768401092
3694 9.39869491489379
3695 9.396904556231673
3696 9.39608117241908
3697 9.395444000169448
3698 9.39424381187427
3699 9.393664099865896
3700 9.3925465472842
3701 9.391153950054408
3702 9.390367577314302
3703 9.386107064599429
3704 9.386016719093739
3705 9.38277867117869
3706 9.382708622993576
3707 9.38211487258018
3708 9.381217916577485
3709 9.37351147260195
3710 9.36769589576323
3711 9.366964097823239
3712 9.36399360719574
3713 9.361883101658774
3714 9.361461374373278
3715 9.36062106236232
3716 9.360393371866532
3717 9.359792000226433
3718 9.359688012319586
3719 9.355048336484575
3720 9.35486955608538
3721 9.353359968306863
3722 9.352698657693361
3723 9.352207486463167
3724 9.347864852977072
3725 9.347539859489066
3726 9.342108778565448
3727 9.341989118668147
3728 9.341014657109312
3729 9.338614783379063
3730 9.338557062889882
3731 9.338250168990825
3732 9.33683701935565
3733 9.33217752825751
3734 9.331608808129374
3735 9.321637254402265
3736 9.321522358574729
3737 9.320777448913558
3738 9.315513239611683
3739 9.314428498617891
3740 9.313363491993538
3741 9.3132612488768
3742 9.305252221407052
3743 9.305219761249457
3744 9.304800247227407
3745 9.303907259409506
3746 9.294467891028528
3747 9.294189442655963
3748 9.289960714207218
3749 9.285189664164287
3750 9.282280044718169
3751 9.277201830416445
3752 9.274254791415771
3753 9.270436481855773
3754 9.270127084690273
3755 9.268356204357246
3756 9.267806077202415
3757 9.26529396247362
3758 9.262521670144645
3759 9.261196243200656
3760 9.259786511970143
3761 9.25707807285877
3762 9.256867471053939
3763 9.248195912390422
3764 9.247898909227018
3765 9.245848960919446
3766 9.238399040617642
3767 9.226834579481174
3768 9.226418369439493
3769 9.22474279381076
3770 9.219777755955258
3771 9.21959696389606
3772 9.219353040728812
3773 9.216051168344446
3774 9.213618624621043
3775 9.212532234065002
3776 9.211489202509819
3777 9.206187283693325
3778 9.203647768295856
3779 9.203011707192264
3780 9.202780613972276
3781 9.20276924575875
3782 9.201194774169348
3783 9.201132554090279
3784 9.20102460943794
3785 9.19807795038088
3786 9.195383696868632
3787 9.194626336347632
3788 9.193391048590145
3789 9.192658075989973
3790 9.188124811898822
3791 9.185797383300876
3792 9.180636613490199
3793 9.178642617483634
3794 9.176506646451298
3795 9.172238745464098
3796 9.17219398077984
3797 9.169483409147114
3798 9.169483155712813
3799 9.16540399959773
3800 9.164108133710895
3801 9.16221830084798
3802 9.161846407603583
3803 9.161322138814262
3804 9.161163007447046
3805 9.15912747475094
3806 9.156691280339249
3807 9.155122939711502
3808 9.15383546617168
3809 9.152649838555714
3810 9.143185802248443
3811 9.136708978439644
3812 9.135816511127377
3813 9.134847538309835
3814 9.130667172202907
3815 9.129896739553876
3816 9.129610900732597
3817 9.12926608762153
3818 9.121907091750366
3819 9.118340055294327
3820 9.11501081255932
3821 9.112827302242342
3822 9.11269002675799
3823 9.11181372929565
3824 9.109229546409502
3825 9.109124821261045
3826 9.10832464259552
3827 9.108310636566724
3828 9.107684012446645
3829 9.105454475059137
3830 9.102193732112385
3831 9.098141327520755
3832 9.097207878202513
3833 9.095139042844263
3834 9.095059042041548
3835 9.09456805004219
3836 9.093776807038198
3837 9.093151575848177
3838 9.091506929988798
3839 9.08585727149785
3840 9.083936254679426
3841 9.083568718249824
3842 9.082654581965555
3843 9.08049580194094
3844 9.076685975237336
3845 9.071651027854609
3846 9.069838971937747
3847 9.06830258002251
3848 9.067428746754391
3849 9.06662479718424
3850 9.066613246442884
3851 9.06618238162819
3852 9.065442577882248
3853 9.061749495817503
3854 9.061620488718967
3855 9.059443610095649
3856 9.056560214833636
3857 9.054298526630197
3858 9.046985174215216
3859 9.044727666850411
3860 9.042246459815116
3861 9.040553989116884
3862 9.040179227048217
3863 9.039018808058374
3864 9.036067796247922
3865 9.035947008659173
3866 9.034201783103452
3867 9.03187194876416
3868 9.031260695724223
3869 9.03116934634024
3870 9.02797075124684
3871 9.026581658715513
3872 9.025805116587836
3873 9.023065051133578
3874 9.022556619728293
3875 9.022000903049275
3876 9.016825363919166
3877 9.01618841179871
3878 9.014459630411668
3879 9.014099194192854
3880 9.013852347568697
3881 9.011901026866672
3882 9.01086888864706
3883 9.009473032061694
3884 9.009150141431846
3885 9.00666096424153
3886 9.001862876767772
3887 8.997452559865458
3888 8.99359709007344
3889 8.991809784589085
3890 8.989450332155934
3891 8.986999621221845
3892 8.986140862079495
3893 8.984642563073018
3894 8.98326989343525
3895 8.982052911643875
3896 8.981862672016442
3897 8.979619149853585
3898 8.977171651312771
3899 8.976054927654186
3900 8.967039307223914
3901 8.966975417858595
3902 8.966088167000885
3903 8.9660225549604
3904 8.962763353250164
3905 8.962068734171524
3906 8.960792663383597
3907 8.958433465907486
3908 8.95811794181796
3909 8.947416805126792
3910 8.943895710553573
3911 8.943216496699275
3912 8.941969077179333
3913 8.938231011706097
3914 8.936724931707364
3915 8.934292848817897
3916 8.933980384302766
3917 8.933249497317608
3918 8.93162160364774
3919 8.930807190960573
3920 8.928092559618873
3921 8.925693144833385
3922 8.925168538308268
3923 8.923719579513133
3924 8.92353736759551
3925 8.923450169675242
3926 8.922588733191791
3927 8.922567448495567
3928 8.920367318794593
3929 8.918478936275429
3930 8.90555100691949
3931 8.900806562939852
3932 8.894824537434495
3933 8.892630609651386
3934 8.890014255499402
3935 8.883387233803619
3936 8.8799052925448
3937 8.879497110417342
3938 8.879136493525895
3939 8.874949725128339
3940 8.874816154865668
3941 8.872949342388551
3942 8.87174775691481
3943 8.869595641128056
3944 8.867293455122379
3945 8.864217966397419
3946 8.863461393648056
3947 8.863267713616262
3948 8.863266161224626
3949 8.86318752472933
3950 8.86188382001325
3951 8.86105472043238
3952 8.860044236067898
3953 8.858565366687625
3954 8.857651320016007
3955 8.856086502637158
3956 8.85591895623802
3957 8.854919786516717
3958 8.852810776397087
3959 8.850426717138907
3960 8.849291834223854
3961 8.84866263912266
3962 8.842867041801245
3963 8.840105027803506
3964 8.837526935383133
3965 8.836182243636145
3966 8.834787972606106
3967 8.833027263709623
3968 8.832121904077322
3969 8.829191011076963
3970 8.825450063349424
3971 8.822793183539734
3972 8.820685506009669
3973 8.82028972218275
3974 8.817723526709996
3975 8.816657286451369
3976 8.816639185022671
3977 8.815449458451646
3978 8.814309184583474
3979 8.812349020465778
3980 8.81225258449843
3981 8.811548435186854
3982 8.81016028795698
3983 8.809712716792768
3984 8.807250011171622
3985 8.80542980430068
3986 8.804867767500912
3987 8.802348999013628
3988 8.796131040634428
3989 8.794372314602342
3990 8.793266329690075
3991 8.793090058007742
3992 8.787643369448746
3993 8.784304764057977
3994 8.783879080416861
3995 8.782124956319645
3996 8.777491979887154
3997 8.776000882484034
3998 8.77101342895329
3999 8.763409033620272
4000 8.762118640210081
4001 8.762073672594882
4002 8.75663690448776
4003 8.756474134847336
4004 8.75138837396127
4005 8.748010045323523
4006 8.745958842282178
4007 8.742550989707
4008 8.738215169291255
4009 8.737118558230618
4010 8.736647377937397
4011 8.736483445163415
4012 8.733525966343961
4013 8.730827281838364
4014 8.728241046996645
4015 8.727412926828507
4016 8.725026010334728
4017 8.721534252798952
4018 8.719142734724127
4019 8.718151950017456
4020 8.706416930057214
4021 8.704443936203138
4022 8.701645658682422
4023 8.70125668622807
4024 8.700799909835471
4025 8.700174561861454
4026 8.700171602807508
4027 8.697313238533713
4028 8.696142970393195
4029 8.694612991268771
4030 8.689429768845306
4031 8.688449260051474
4032 8.688155620635694
4033 8.68744209259376
4034 8.684813397644056
4035 8.684733918240893
4036 8.682950714133307
4037 8.682403522346279
4038 8.682314073634107
4039 8.68003924601843
4040 8.673786346319718
4041 8.672591436318058
4042 8.669804651739609
4043 8.66695210369568
4044 8.666144387013235
4045 8.664512815517698
4046 8.660122756325793
4047 8.659776939262004
4048 8.658948058433827
4049 8.657800466164842
4050 8.652952132663504
4051 8.651443905132899
4052 8.649770521313647
4053 8.648710338093636
4054 8.646622140284354
4055 8.645810115598364
4056 8.644378514892107
4057 8.64437298973531
4058 8.641622574100648
4059 8.641200336399788
4060 8.63653591798324
4061 8.631298705456578
4062 8.629994902239453
4063 8.62766510113428
4064 8.627011191188696
4065 8.624552483000725
4066 8.624439671087094
4067 8.624137448097883
4068 8.623199095000759
4069 8.622934002601722
4070 8.618274670422158
4071 8.617258366532718
4072 8.616883558956635
4073 8.61362332963631
4074 8.61159438135611
4075 8.61079022329975
4076 8.610223023061183
4077 8.609978959204877
4078 8.60972644452126
4079 8.60737549986151
4080 8.603007615286742
4081 8.600204421614928
4082 8.595513324598077
4083 8.593317648234546
4084 8.59210908582352
4085 8.59139446419562
4086 8.59067272056221
4087 8.588418457300428
4088 8.585288593454292
4089 8.585089302326043
4090 8.5805146707635
4091 8.579814571320137
4092 8.579641444517542
4093 8.575816369099186
4094 8.574918207404854
4095 8.573865689936326
4096 8.573494109878109
4097 8.573446037040494
4098 8.569792462783749
4099 8.568094964915613
4100 8.565537759421396
4101 8.562711495703923
4102 8.561733716856315
4103 8.561241783445636
4104 8.558020787674693
4105 8.556620788518012
4106 8.553896458594227
4107 8.553748774740583
4108 8.550739443434763
4109 8.549868189655154
4110 8.549808958974964
4111 8.54462982047532
4112 8.542377264749165
4113 8.539350729444509
4114 8.534494605854443
4115 8.533773131297737
4116 8.531902900399361
4117 8.531340644439528
4118 8.530959752540909
4119 8.528885743476772
4120 8.52750330395649
4121 8.527244725718369
4122 8.523792903653387
4123 8.517076306908198
4124 8.516716703649504
4125 8.516513902828352
4126 8.510366412948413
4127 8.509179329064187
4128 8.509161318719253
4129 8.507990318671864
4130 8.507308164934342
4131 8.505578597661476
4132 8.504644784482686
4133 8.503450620215157
4134 8.502553063158345
4135 8.500991477075337
4136 8.497744133219923
4137 8.497155983925504
4138 8.496207963599886
4139 8.494268000554145
4140 8.494016893259365
4141 8.493420315174085
4142 8.493157923999272
4143 8.490138561778553
4144 8.48455039667362
4145 8.479475319236665
4146 8.477383258525808
4147 8.47712167789109
4148 8.47702433592759
4149 8.47347488715797
4150 8.473182142884644
4151 8.471387341591655
4152 8.470211344041868
4153 8.469828329185654
4154 8.468259323305322
4155 8.46563581208155
4156 8.460222302109063
4157 8.459706348674787
4158 8.459510241131524
4159 8.459337409459199
4160 8.44807655805123
4161 8.445373264547152
4162 8.4419415855517
4163 8.43765668696463
4164 8.437348747421648
4165 8.43730139299084
4166 8.43614401463063
4167 8.434616601517213
4168 8.431828438551793
4169 8.431397645538292
4170 8.43103683706477
4171 8.429192237512215
4172 8.427561692196445
4173 8.4270764101236
4174 8.426286201287859
4175 8.426031729392397
4176 8.42486593456144
4177 8.424615948441826
4178 8.423981832287593
4179 8.421039456976136
4180 8.41398219723835
4181 8.411842222092943
4182 8.410797166441492
4183 8.407866982294172
4184 8.405489398934169
4185 8.405387251173176
4186 8.403867808274136
4187 8.402986681605686
4188 8.394611761343501
4189 8.392441876221243
4190 8.387968370094022
4191 8.385620116957636
4192 8.385462125803862
4193 8.385248107757645
4194 8.382566357961126
4195 8.380467389559449
4196 8.37993613712794
4197 8.379539647382721
4198 8.37887951530794
4199 8.378731575759932
4200 8.377664650810464
4201 8.373148103420421
4202 8.370944987846043
4203 8.370871285279957
4204 8.367587794099391
4205 8.367224089146289
4206 8.365723478787741
4207 8.364725958719243
4208 8.364563923428541
4209 8.363681208201392
4210 8.361594213624638
4211 8.359930117127478
4212 8.358064809369965
4213 8.355573305692639
4214 8.355445039213535
4215 8.353904521525815
4216 8.353127942198391
4217 8.35276829825481
4218 8.352012432178478
4219 8.35162092191325
4220 8.344474593428107
4221 8.343398595633335
4222 8.338607179534723
4223 8.33757064160383
4224 8.3371060318959
4225 8.335224501008568
4226 8.334596522632356
4227 8.332553089046009
4228 8.329775435448248
4229 8.329068261038941
4230 8.328029493869247
4231 8.326610096327162
4232 8.325887950015264
4233 8.325848548015111
4234 8.325402968608522
4235 8.324122772553858
4236 8.322254344461765
4237 8.317111649611292
4238 8.316117309235779
4239 8.313833293750708
4240 8.312787237497888
4241 8.311954132855343
4242 8.311252723824042
4243 8.309477976447972
4244 8.309361609361739
4245 8.307517512133666
4246 8.307139541432267
4247 8.305834078873435
4248 8.304512628001163
4249 8.303392466267983
4250 8.301320325515492
4251 8.299244366263435
4252 8.29629456086703
4253 8.295611913036517
4254 8.287646804768244
4255 8.286851975977006
4256 8.286626381160431
4257 8.284053166241382
4258 8.283177871670267
4259 8.282807623957726
4260 8.280500738787325
4261 8.27522669037464
4262 8.273500736419008
4263 8.263696682892625
4264 8.263463504476746
4265 8.261219150688028
4266 8.257003996909857
4267 8.25118204000088
4268 8.248380443666624
4269 8.24795597624612
4270 8.244207005049844
4271 8.243975549394664
4272 8.243740770069584
4273 8.24240228918448
4274 8.23921973505444
4275 8.234405429910728
4276 8.234062703019827
4277 8.232509805688114
4278 8.23068149610485
4279 8.229528417729286
4280 8.224803622455187
4281 8.223698635807052
4282 8.223521179765317
4283 8.221065899465833
4284 8.220549856471255
4285 8.218202884596838
4286 8.218158502753736
4287 8.216488459712359
4288 8.216148376681872
4289 8.215795472353387
4290 8.215399957382964
4291 8.215311686381018
4292 8.21349693290987
4293 8.21292315806351
4294 8.21267094221324
4295 8.212005945580602
4296 8.210975180223626
4297 8.210900594434433
4298 8.210255316539676
4299 8.20522653628494
4300 8.204783682939384
4301 8.202101278733638
4302 8.201985713242612
4303 8.200950747665907
4304 8.200832175942823
4305 8.200344512058807
4306 8.200106864758917
4307 8.200096958232098
4308 8.19921060073496
4309 8.197769510508513
4310 8.196545023644434
4311 8.196013211553318
4312 8.19576794584872
4313 8.192857183294299
4314 8.184702280695108
4315 8.184031560644188
4316 8.183572767622323
4317 8.182923345879594
4318 8.180847111612128
4319 8.180701717440122
4320 8.173233190680286
4321 8.172896576606952
4322 8.17114218036813
4323 8.170552032930084
4324 8.166785690436756
4325 8.161715237026234
4326 8.161301582857725
4327 8.159675680892843
4328 8.157845847328238
4329 8.157266735594433
4330 8.156735526814503
4331 8.152720285219019
4332 8.151735212634117
4333 8.149492034523623
4334 8.149479169654327
4335 8.148460084300782
4336 8.135835333706483
4337 8.135075989428131
4338 8.13444740090598
4339 8.13235375138326
4340 8.132281282035812
4341 8.124329822010402
4342 8.123895428610274
4343 8.119816057877012
4344 8.118846772362803
4345 8.117111157776783
4346 8.11574400790744
4347 8.1114001206939
4348 8.110008937682105
4349 8.105639466116964
4350 8.105534399831791
4351 8.103009233883084
4352 8.09409879480114
4353 8.093484834688683
4354 8.086439806249768
4355 8.086313243112118
4356 8.084089361691497
4357 8.083596057040937
4358 8.083281995245127
4359 8.083046603216971
4360 8.080900464636898
4361 8.078508091695202
4362 8.07836572710722
4363 8.077894456534734
4364 8.074280644416977
4365 8.072609426315625
4366 8.06820197228729
4367 8.067635791666886
4368 8.064956662732328
4369 8.064608111551298
4370 8.063505032124308
4371 8.063265464636665
4372 8.061413832116441
4373 8.058154758990357
4374 8.056434924332688
4375 8.05633669336542
4376 8.055970837073488
4377 8.055835994940853
4378 8.052022716317419
4379 8.051790042853316
4380 8.049885050351701
4381 8.04980624324419
4382 8.04875211142268
4383 8.046188970107357
4384 8.043718443750612
4385 8.043657932801503
4386 8.038791880328002
4387 8.037311705788143
4388 8.036054945467033
4389 8.035894650539923
4390 8.034382215931515
4391 8.034067366779805
4392 8.032599292525012
4393 8.031951323057076
4394 8.024702742518834
4395 8.022133854031091
4396 8.021306771457253
4397 8.019307558122765
4398 8.017352414306057
4399 8.017158585765094
4400 8.016945704829814
4401 8.015922886873378
4402 8.015219002213659
4403 8.011023849250183
4404 8.009923096084295
4405 8.008520925676788
4406 8.007553677478379
4407 8.004994830805984
4408 8.003026480680338
4409 7.998346705226486
4410 7.996942136413755
4411 7.995933287635342
4412 7.995576814859051
4413 7.991601109676718
4414 7.989976829599863
4415 7.989105152946819
4416 7.986487925187475
4417 7.98619797271766
4418 7.985304406169962
4419 7.98514243492378
4420 7.982943013604201
4421 7.981760937804376
4422 7.981122460770206
4423 7.978391535098574
4424 7.977671115061441
4425 7.977176223732542
4426 7.975414965556241
4427 7.975165688042863
4428 7.975077676325693
4429 7.975028162870971
4430 7.974855655205875
4431 7.97425113526416
4432 7.973070475720245
4433 7.972603534281441
4434 7.972424944413823
4435 7.972040059396175
4436 7.971852447154873
4437 7.971286379003585
4438 7.970741112797038
4439 7.970671392602012
4440 7.968300485330084
4441 7.966124207916237
4442 7.9639271116215165
4443 7.963780684008308
4444 7.963579009474678
4445 7.963394012537731
4446 7.9631235152467985
4447 7.962121384114799
4448 7.952357546351998
4449 7.949549128543296
4450 7.949307809969168
4451 7.948905062252464
4452 7.945494385789513
4453 7.945209016703564
4454 7.945101108082452
4455 7.943425692036564
4456 7.94328630661051
4457 7.941500385231015
4458 7.9405468676555
4459 7.9401676601785605
4460 7.9389600856313605
4461 7.935633154658704
4462 7.933587852510809
4463 7.93301177019386
4464 7.9318929094027935
4465 7.931297356545476
4466 7.929677032688167
4467 7.929527056506116
4468 7.926861466144389
4469 7.92573814866302
4470 7.923755184891403
4471 7.921576194513684
4472 7.920005291847294
4473 7.919413700611677
4474 7.9182331682261315
4475 7.917092650078889
4476 7.9156960148965965
4477 7.914856590277261
4478 7.9144647823471335
4479 7.914177062960463
4480 7.913202884162233
4481 7.9123735072755315
4482 7.911649347936624
4483 7.910788644939222
4484 7.909172164031488
4485 7.908760606151167
4486 7.906854754862024
4487 7.90682595848498
4488 7.905416629262087
4489 7.901940000914917
4490 7.900959115504662
4491 7.900795706647195
4492 7.899901838065033
4493 7.8989908004379155
4494 7.8988516239946875
4495 7.897767633826713
4496 7.895283368243495
4497 7.891961053165
4498 7.890771394481498
4499 7.8902328031989954
4500 7.888078802513398
4501 7.887691814276064
4502 7.886396526850752
4503 7.8859496221052146
4504 7.883330124359541
4505 7.883040951389343
4506 7.8822765420967835
4507 7.880411778322345
4508 7.880015428164653
4509 7.879386455288665
4510 7.873576261132115
4511 7.873340014560483
4512 7.87188870770773
4513 7.86981277951219
4514 7.867727865218259
4515 7.867152541145045
4516 7.864305001268385
4517 7.861352620264408
4518 7.860980293207588
4519 7.859241924165876
4520 7.855803711256277
4521 7.855586709024901
4522 7.85459483724419
4523 7.850138258407283
4524 7.849764231796845
4525 7.845467041510368
4526 7.842911512467689
4527 7.842246122159489
4528 7.84214132655054
4529 7.838399539952312
4530 7.836708285700534
4531 7.82897978958531
4532 7.828044243318062
4533 7.825526442460051
4534 7.818816423424478
4535 7.816950213094164
4536 7.81605996375108
4537 7.814400288399236
4538 7.813208914272819
4539 7.813071518674019
4540 7.812449913529494
4541 7.810091605126076
4542 7.809054792542971
4543 7.807170574568872
4544 7.804524036301309
4545 7.80440945274728
4546 7.803339129441596
4547 7.801445609373863
4548 7.800106721905864
4549 7.798964634645431
4550 7.798160269559521
4551 7.79762280203712
4552 7.794645517910731
4553 7.792386986710843
4554 7.790636982557494
4555 7.790264413407037
4556 7.789582770515294
4557 7.787532214811351
4558 7.786209898354567
4559 7.786049444310123
4560 7.78508843086751
4561 7.7840785002969275
4562 7.7810500450002085
4563 7.780703100231081
4564 7.77794774087026
4565 7.777622890550928
4566 7.774703725917715
4567 7.773478875229709
4568 7.770095322731135
4569 7.768608063176833
4570 7.7672837181034655
4571 7.76723172219659
4572 7.766969004336202
4573 7.764122927961024
4574 7.763838160396109
4575 7.761940415359515
4576 7.759310517904695
4577 7.758285950570331
4578 7.75757650498745
4579 7.7561854949395475
4580 7.7556673174107935
4581 7.755565081901801
4582 7.755560519796431
4583 7.754943922220863
4584 7.753126322561338
4585 7.75195585537374
4586 7.750537371014556
4587 7.747973736683914
4588 7.7468466662942
4589 7.746486716499888
4590 7.7455899661693195
4591 7.741641502554191
4592 7.740389981782965
4593 7.740262212705015
4594 7.735285205099479
4595 7.733933886219307
4596 7.732455701435502
4597 7.731158997687794
4598 7.7293841743363325
4599 7.726602307338191
4600 7.726032268696702
4601 7.725978186453562
4602 7.725145545876556
4603 7.72160599218469
4604 7.71957107754859
4605 7.719226474607583
4606 7.71575785712158
4607 7.713652717428607
4608 7.711222553454098
4609 7.708071329850115
4610 7.707679680976397
4611 7.707442750654878
4612 7.703266645011703
4613 7.702508590232431
4614 7.702065145326539
4615 7.6987109975691865
4616 7.696679075947662
4617 7.6962144009403035
4618 7.694263786046303
4619 7.694071680753299
4620 7.69358788269442
4621 7.689582501180725
4622 7.689017567917145
4623 7.687864136400132
4624 7.685349721826084
4625 7.6853069591068435
4626 7.684799211872599
4627 7.684313963267237
4628 7.682694288235842
4629 7.681032068481863
4630 7.679482013501622
4631 7.678743783132078
4632 7.6776848550220995
4633 7.676563111521096
4634 7.674914405378995
4635 7.673803979823085
4636 7.671201339793409
4637 7.6689900524141486
4638 7.667959025055277
4639 7.666683373539606
4640 7.665794443256647
4641 7.661923362493347
4642 7.658497553517153
4643 7.6555608361709435
4644 7.655167854333731
4645 7.652156422181809
4646 7.651708563333387
4647 7.65028093991077
4648 7.647970265622715
4649 7.646279639169173
4650 7.640337662685153
4651 7.639102162748988
4652 7.6365168742703124
4653 7.633335080569263
4654 7.630632472155766
4655 7.629411006559666
4656 7.626588913747151
4657 7.622901570549046
4658 7.618801454506306
4659 7.6184391762222985
4660 7.6148642657177215
4661 7.614739892171638
4662 7.611904099677784
4663 7.6109653650624915
4664 7.610534952026611
4665 7.6103002993708895
4666 7.6087115702925505
4667 7.606820727322256
4668 7.606252601138809
4669 7.6054120091018
4670 7.603467761748479
4671 7.603220386685481
4672 7.601850279112924
4673 7.600225720120061
4674 7.600175906647032
4675 7.598729087675436
4676 7.59869325022053
4677 7.598400924719649
4678 7.598068706824423
4679 7.596904814789019
4680 7.595820589329916
4681 7.5952780444085155
4682 7.594775995239323
4683 7.594395532523713
4684 7.594080778680068
4685 7.593824717279832
4686 7.593580466930073
4687 7.593291987529499
4688 7.591131141556646
4689 7.590148303087129
4690 7.589423651589393
4691 7.588969968541
4692 7.5808840730339515
4693 7.580143240819991
4694 7.579954041909131
4695 7.57860710940426
4696 7.578418612396426
4697 7.5770212963981685
4698 7.57645166327201
4699 7.574528551719363
4700 7.570989817855362
4701 7.567652298312352
4702 7.5675550383602355
4703 7.564298114525027
4704 7.561887784542382
4705 7.561615192242167
4706 7.5608224488504385
4707 7.56032373487471
4708 7.558662849994838
4709 7.55742560915744
4710 7.557274160070256
4711 7.552199032809331
4712 7.55178437579889
4713 7.551092630839869
4714 7.550968072945808
4715 7.539207030492266
4716 7.538606651781223
4717 7.5361715457608565
4718 7.532127300200064
4719 7.531859217706313
4720 7.530555219089868
4721 7.529382766276474
4722 7.5284529744204844
4723 7.527549315080037
4724 7.527484456475806
4725 7.526506584392248
4726 7.52564042843655
4727 7.5211889977158135
4728 7.520392413523632
4729 7.515932679399188
4730 7.515507147803605
4731 7.512647844695931
4732 7.512397623851163
4733 7.511792745434468
4734 7.511603047864798
4735 7.5114804494257
4736 7.511000116110774
4737 7.510233209846527
4738 7.510226647046392
4739 7.509579102643878
4740 7.506958760561014
4741 7.50695640288787
4742 7.503724342233953
4743 7.503298998947829
4744 7.502222564584249
4745 7.500585696036113
4746 7.500060629450904
4747 7.49766527736628
4748 7.4970731708647875
4749 7.496675812942747
4750 7.496455990202456
4751 7.492810868881684
4752 7.489694445481076
4753 7.488353715300224
4754 7.4851894471414155
4755 7.48478516036592
4756 7.483580108739657
4757 7.483515084151055
4758 7.481641800544399
4759 7.476407718314354
4760 7.475987035435675
4761 7.47432767615349
4762 7.471312934980833
4763 7.469168375652474
4764 7.46185246340784
4765 7.460907229159767
4766 7.457689367525387
4767 7.457493943244253
4768 7.454927622808585
4769 7.454843903531301
4770 7.4507474526536335
4771 7.449502914330167
4772 7.4486649025377645
4773 7.445823263727852
4774 7.442021054317877
4775 7.44112256336178
4776 7.440442562066655
4777 7.435666753589997
4778 7.434590954619808
4779 7.432224405136973
4780 7.431986588255071
4781 7.430741975722392
4782 7.42848810619533
4783 7.426003274167718
4784 7.425127444889489
4785 7.4197163678468065
4786 7.419003299325035
4787 7.418680859101789
4788 7.417618650935178
4789 7.416784112101236
4790 7.4151714717959365
4791 7.411629864152934
4792 7.407991834546841
4793 7.407096792805327
4794 7.40476303507406
4795 7.398861763226221
4796 7.39623101550019
4797 7.394805988990159
4798 7.393339126670778
4799 7.39110954901562
4800 7.386640725656819
4801 7.386417801028582
4802 7.385890211511276
4803 7.385835417278616
4804 7.383780195434751
4805 7.383591174642858
4806 7.382350465021962
4807 7.382018782581969
4808 7.381285056368065
4809 7.377223590835696
4810 7.3763058785596565
4811 7.3759245590269495
4812 7.37479849505251
4813 7.371534720910205
4814 7.36976201050083
4815 7.369421874123189
4816 7.368992230317853
4817 7.368493811966719
4818 7.366343031908693
4819 7.363568919632892
4820 7.362879687129529
4821 7.360004059752419
4822 7.359721132785974
4823 7.358989688004618
4824 7.356927090958505
4825 7.356278751119039
4826 7.355385389544462
4827 7.354135247489551
4828 7.353888412471641
4829 7.353609432941478
4830 7.353541530541138
4831 7.352063008788377
4832 7.351811947953949
4833 7.349546797551053
4834 7.348261448427922
4835 7.347002666919065
4836 7.344535858208137
4837 7.340143376680586
4838 7.338403796254527
4839 7.336328816987859
4840 7.328981354481585
4841 7.327425875635548
4842 7.321882627459066
4843 7.32166109500193
4844 7.321082542970857
4845 7.319987110334916
4846 7.319975443670282
4847 7.318127389378896
4848 7.318049416267174
4849 7.317769190418769
4850 7.317581045987652
4851 7.317389927148653
4852 7.316071268703983
4853 7.31392212954828
4854 7.3135902170628855
4855 7.313383677266849
4856 7.3128051079085115
4857 7.308380536916555
4858 7.306954803624995
4859 7.305668831062083
4860 7.30485411409988
4861 7.3046394183949905
4862 7.304440562650256
4863 7.30409607811571
4864 7.3022872159223065
4865 7.300471194614383
4866 7.298402310023545
4867 7.297939573806083
4868 7.297350842027464
4869 7.2969151436554975
4870 7.294641620854637
4871 7.293543278591434
4872 7.2920540265139335
4873 7.288915275406851
4874 7.288126022233086
4875 7.286293116346344
4876 7.28612639926428
4877 7.284984562023931
4878 7.283945649150084
4879 7.283743157885675
4880 7.281387022202901
4881 7.27963416576674
4882 7.279407533730533
4883 7.279314312497194
4884 7.2757693967258
4885 7.267545447259487
4886 7.267543681642995
4887 7.266096212171401
4888 7.264985842141361
4889 7.264543984225813
4890 7.263840626511796
4891 7.263200340121684
4892 7.263029781393712
4893 7.26205788077329
4894 7.259292842552375
4895 7.259170263779111
4896 7.258293276287264
4897 7.257237936722267
4898 7.256953878230722
4899 7.251696307494363
4900 7.247856766916115
4901 7.246613208132178
4902 7.245991759654821
4903 7.245231984285041
4904 7.242375157462683
4905 7.241833227819925
4906 7.239025784482138
4907 7.238928411566221
4908 7.23608500600502
4909 7.235277036131768
4910 7.231702337037134
4911 7.229446701094014
4912 7.228314214600868
4913 7.225788969869485
4914 7.21953335777497
4915 7.216451307725229
4916 7.215411181812934
4917 7.213597923664074
4918 7.212139038757923
4919 7.211902412081257
4920 7.2115798517636085
4921 7.210300253098226
4922 7.208335550571279
4923 7.207566108985032
4924 7.206895595006453
4925 7.198937695814765
4926 7.19884558463021
4927 7.1940384658788865
4928 7.191410560593985
4929 7.191361968854007
4930 7.191144261340693
4931 7.190605206515274
4932 7.188506184497212
4933 7.188493430017153
4934 7.188458698499637
4935 7.185180760293219
4936 7.18498123158746
4937 7.181884535804717
4938 7.1794118333902555
4939 7.178453540786588
4940 7.1780094289245024
4941 7.177997054256632
4942 7.1766487717191945
4943 7.172354737387065
4944 7.168398259804083
4945 7.167453294308129
4946 7.165764177086582
4947 7.163918697977122
4948 7.163570209240581
4949 7.161743762175511
4950 7.159385160872334
4951 7.159303487184212
4952 7.157248015191636
4953 7.153558849714053
4954 7.147373754487825
4955 7.1466950185488844
4956 7.141488569679358
4957 7.141374207470086
4958 7.139918193398133
4959 7.137824349308251
4960 7.136762724813616
4961 7.136026505681275
4962 7.131316618390436
4963 7.128841443390211
4964 7.127516405786583
4965 7.125725732889971
4966 7.123717278150784
4967 7.122695253902527
4968 7.118835991725155
4969 7.117864887615905
4970 7.113159127304519
4971 7.1074740084122325
4972 7.103398644519728
4973 7.102507991614334
4974 7.102201210316448
4975 7.101020553996716
4976 7.100995750459216
4977 7.099436719923008
4978 7.09792313787234
4979 7.095720439865924
4980 7.095357392741666
4981 7.094480044662032
4982 7.093557666440706
4983 7.092175198462825
4984 7.092144367927427
4985 7.086961658425512
4986 7.086187833834454
4987 7.085056013876291
4988 7.084173492191848
4989 7.0839282522706055
4990 7.083671268937196
4991 7.082208621622453
4992 7.081941445769216
4993 7.081575916692722
4994 7.081233474058365
4995 7.080993776247784
4996 7.078725564768789
4997 7.077007088273539
4998 7.073182931051967
4999 7.072157869720356
5000 7.071485303109747
5001 7.069308733329794
5002 7.068411262160858
5003 7.067425452432729
5004 7.067098029782318
5005 7.065367426182849
5006 7.064815765560132
5007 7.064286861326534
5008 7.06414334612272
5009 7.061110344104492
5010 7.056750767776822
5011 7.049208093139857
5012 7.04873374104233
5013 7.046120175666372
5014 7.045580104459181
5015 7.041029762720389
5016 7.0405861609561615
5017 7.038070065769491
5018 7.036607572897932
5019 7.032959170800983
5020 7.03231771169566
5021 7.031539251229023
5022 7.031529592788897
5023 7.029891772203718
5024 7.02872270909106
5025 7.026408665649498
5026 7.025186734170923
5027 7.019185386933179
5028 7.016277986049185
5029 7.01255671510949
5030 7.009399852832732
5031 7.006359952616059
5032 7.002837892972105
5033 7.002510396225835
5034 7.000941164402706
5035 6.999877391231466
5036 6.998978713723821
5037 6.998744650908495
5038 6.998579820520499
5039 6.998463113664608
5040 6.997313747857463
5041 6.996601176792264
5042 6.994965842090609
5043 6.993084997393386
5044 6.992269733208316
5045 6.987236341398458
5046 6.978522966398235
5047 6.976347552524907
5048 6.975730027481827
5049 6.973726542846321
5050 6.9725932224281415
5051 6.9718392648206535
5052 6.971191590487166
5053 6.97109184656387
5054 6.970718413385107
5055 6.969340540167433
5056 6.9691483831501255
5057 6.968308091926479
5058 6.966138629503621
5059 6.9640282235000805
5060 6.963465962099015
5061 6.96050309466366
5062 6.95772270627885
5063 6.955858703087622
5064 6.955808841034214
5065 6.955069355036402
5066 6.954685826207416
5067 6.953282001378137
5068 6.949930154890289
5069 6.949730658940208
5070 6.9495133248353085
5071 6.948091725924834
5072 6.947547530499243
5073 6.9433204121889665
5074 6.941408674295195
5075 6.940807360006239
5076 6.940602122202046
5077 6.939319534556302
5078 6.938657120415997
5079 6.936424850183209
5080 6.936319890078159
5081 6.936037004314618
5082 6.933894650695079
5083 6.933762158884417
5084 6.930242172411701
5085 6.929566953303665
5086 6.925706017060168
5087 6.924862223311974
5088 6.9221986981712105
5089 6.922039935977705
5090 6.92112734265085
5091 6.919435686693428
5092 6.918403012093543
5093 6.913823645423836
5094 6.913397942138557
5095 6.912100716368692
5096 6.91205418909251
5097 6.911822933695426
5098 6.9113144968985925
5099 6.909594663497085
5100 6.909407590174349
5101 6.905541384637861
5102 6.902450756459177
5103 6.9016086127419465
5104 6.901330840054921
5105 6.9008925159998755
5106 6.900841289057911
5107 6.898707090080971
5108 6.892901204281034
5109 6.892748340263753
5110 6.891458968443409
5111 6.891234076675095
5112 6.8887648400397765
5113 6.88759955047403
5114 6.88481603468078
5115 6.8824466167782115
5116 6.880522230055742
5117 6.8793238754181045
5118 6.878518156390119
5119 6.877915874908716
5120 6.875316494671529
5121 6.8748575591658625
5122 6.8744082361569685
5123 6.873646252164663
5124 6.873032546789174
5125 6.872417661091155
5126 6.868930959691849
5127 6.866683523106805
5128 6.866293836857953
5129 6.866078175304802
5130 6.865631003066286
5131 6.865627012660836
5132 6.865189649629294
5133 6.863258561713638
5134 6.860001844697938
5135 6.859622130358831
5136 6.857681156232757
5137 6.856473511851264
5138 6.855580061604798
5139 6.852964687124371
5140 6.852791978397566
5141 6.852790627228728
5142 6.850961358598545
5143 6.850187010351579
5144 6.848409403140376
5145 6.840721885772633
5146 6.836390629061736
5147 6.834439047957774
5148 6.834063373229415
5149 6.8335107516368225
5150 6.831924026434727
5151 6.830018972784515
5152 6.826335265673106
5153 6.824517354861861
5154 6.822877522615203
5155 6.821218320497202
5156 6.821104368861445
5157 6.8190281045546435
5158 6.818344496699309
5159 6.8161228824283535
5160 6.81568089382874
5161 6.815114628682599
5162 6.8148643502679445
5163 6.814744131291868
5164 6.814297082301227
5165 6.814114054377308
5166 6.8129421629043865
5167 6.810846354335174
5168 6.805075730756253
5169 6.800579185837794
5170 6.7966144714447685
5171 6.795143276072519
5172 6.794245622581511
5173 6.7930861155073385
5174 6.792487446552637
5175 6.792208607647902
5176 6.791696368002447
5177 6.790698927580405
5178 6.7904601792029995
5179 6.788910401020031
5180 6.788058462155491
5181 6.785183560658395
5182 6.784867503436858
5183 6.783780571271544
5184 6.783423334147805
5185 6.781333159477421
5186 6.778695989969973
5187 6.7747831154280505
5188 6.774730352502303
5189 6.771845955516165
5190 6.769959712288363
5191 6.76937638529575
5192 6.766758153532621
5193 6.76255935550143
5194 6.762366579665489
5195 6.761566005930316
5196 6.761521657130257
5197 6.7595252734851625
5198 6.759229397795988
5199 6.757868610580192
5200 6.757291007862681
5201 6.7572518950581095
5202 6.756510052494306
5203 6.756464490395598
5204 6.756369319630535
5205 6.7494544675036785
5206 6.748608698865809
5207 6.744083657745877
5208 6.74293551709396
5209 6.737421517381883
5210 6.7365937554488236
5211 6.735974420291608
5212 6.735859154698863
5213 6.73549270928266
5214 6.728334967312262
5215 6.727733618625836
5216 6.727490372494233
5217 6.725410217223423
5218 6.722485674945093
5219 6.722097973530312
5220 6.722043441316404
5221 6.720699791770192
5222 6.720611829464076
5223 6.7199213125498165
5224 6.7193072993401195
5225 6.7184336522176284
5226 6.717535985294019
5227 6.716679901113177
5228 6.714609283544508
5229 6.714495072018446
5230 6.714165692798667
5231 6.712332894443783
5232 6.7087658643720705
5233 6.707819336125919
5234 6.707443914444141
5235 6.706933292910379
5236 6.704397104274669
5237 6.701326988145027
5238 6.700681609752389
5239 6.700507384384328
5240 6.699712331670028
5241 6.699055947668833
5242 6.699010360382034
5243 6.6980825907181005
5244 6.697994602530464
5245 6.693095607968966
5246 6.692150105239347
5247 6.690885242873684
5248 6.688666672201676
5249 6.687424727118655
5250 6.686779510431531
5251 6.68633339053416
5252 6.686200995571319
5253 6.685050694664921
5254 6.6849680124408
5255 6.684699000731904
5256 6.682677202374371
5257 6.6818126515318506
5258 6.681750198511945
5259 6.67991436131759
5260 6.678285535191534
5261 6.676955083630581
5262 6.675774136819719
5263 6.675034609393168
5264 6.6748790787781545
5265 6.6719001225607455
5266 6.670936125804293
5267 6.664134440955604
5268 6.661003180959954
5269 6.660914144051719
5270 6.657654316984843
5271 6.654748514234682
5272 6.652219912321861
5273 6.645004355540616
5274 6.637033969609196
5275 6.636924969323863
5276 6.635766892863536
5277 6.635567039604549
5278 6.6343642203304185
5279 6.633762501418943
5280 6.633041546044425
5281 6.632875908429686
5282 6.632264040352007
5283 6.632226879721074
5284 6.631860628516711
5285 6.62782253210423
5286 6.6272337916347785
5287 6.626849086366287
5288 6.626479927365748
5289 6.626282923048539
5290 6.617979274947859
5291 6.615482110724012
5292 6.611871354886687
5293 6.610577418585592
5294 6.609189551897107
5295 6.609026321304019
5296 6.6069990654059865
5297 6.606362616960525
5298 6.604307923462089
5299 6.603939860833145
5300 6.599802375064831
5301 6.599382897172149
5302 6.599062035035491
5303 6.598130921011225
5304 6.597847148850101
5305 6.592296625687742
5306 6.5913204787274395
5307 6.587380667030291
5308 6.585204387768419
5309 6.582288010590155
5310 6.582098622076323
5311 6.58119635463057
5312 6.580090573892434
5313 6.578417818330452
5314 6.578122066617691
5315 6.576923607706197
5316 6.576439238639769
5317 6.575053218463209
5318 6.573168392086419
5319 6.571738149405055
5320 6.569433968314478
5321 6.5679186001053935
5322 6.567873007098263
5323 6.567026682948454
5324 6.56570585127859
5325 6.565437719424874
5326 6.563702455097593
5327 6.563318444821938
5328 6.561277604625037
5329 6.560396039209351
5330 6.560335007036578
5331 6.559848232072842
5332 6.555584314486543
5333 6.555531046940948
5334 6.555100751015138
5335 6.554982053866919
5336 6.554942698929002
5337 6.553559381774605
5338 6.547431158500495
5339 6.545617436167331
5340 6.543644790224279
5341 6.54199886760187
5342 6.539639599408436
5343 6.538741863819438
5344 6.536375603081626
5345 6.534494596369642
5346 6.534330117520844
5347 6.533062821111135
5348 6.531548004522429
5349 6.531142705535204
5350 6.530245377773144
5351 6.52972400219297
5352 6.529715133833002
5353 6.527383974887216
5354 6.526588916372305
5355 6.52581800106078
5356 6.5234736737238075
5357 6.521916327292438
5358 6.520300640084729
5359 6.5186968195223205
5360 6.51789753253241
5361 6.5165336610988955
5362 6.512071846806033
5363 6.509676441323719
5364 6.505598866523773
5365 6.505228686087724
5366 6.5035161871357685
5367 6.503260885305862
5368 6.499085491586128
5369 6.4990528409184805
5370 6.498608812566315
5371 6.498110950419189
5372 6.497059443271648
5373 6.492374191486963
5374 6.491183433307262
5375 6.4887667873350585
5376 6.488273004998321
5377 6.486902461312566
5378 6.486579473621693
5379 6.484930948674473
5380 6.484900158675957
5381 6.483928555177172
5382 6.48381868799672
5383 6.480894967603733
5384 6.480682489582754
5385 6.480022704407729
5386 6.479525143001481
5387 6.478168939715082
5388 6.476474106733046
5389 6.474626884521567
5390 6.467398999969909
5391 6.4663395244983235
5392 6.461982940328199
5393 6.459734028160624
5394 6.459631262515758
5395 6.457683580582061
5396 6.457097561397025
5397 6.455126973758012
5398 6.45419964985551
5399 6.453724008379164
5400 6.451934567081934
5401 6.4514876484685555
5402 6.4514603624930364
5403 6.450466428736714
5404 6.448132368287898
5405 6.448084100361737
5406 6.446051620385417
5407 6.444108551405326
5408 6.443924894027784
5409 6.441224553977511
5410 6.441160079377101
5411 6.440624582493867
5412 6.4392392932645555
5413 6.438788781469243
5414 6.4362954541227495
5415 6.4362281138795465
5416 6.433123069576919
5417 6.43053629903204
5418 6.427505352703659
5419 6.426900258104485
5420 6.425942891627912
5421 6.4257037379424595
5422 6.424716821235743
5423 6.424378037966742
5424 6.419788117466031
5425 6.418446479535665
5426 6.418424752331656
5427 6.417998156155696
5428 6.417209105047432
5429 6.416388526186225
5430 6.41576205502229
5431 6.412987969406798
5432 6.412867018039058
5433 6.408968980363489
5434 6.407506217408898
5435 6.405294740683551
5436 6.401805248874215
5437 6.3941950926383075
5438 6.394182935348568
5439 6.393425599374041
5440 6.390113060165077
5441 6.389480431026327
5442 6.389227936679733
5443 6.389123833035264
5444 6.385302019217373
5445 6.383840778232634
5446 6.383232852830725
5447 6.3823167738603654
5448 6.380873205828928
5449 6.376922526543736
5450 6.373786915251807
5451 6.371306967325081
5452 6.3705393769034675
5453 6.368101598091958
5454 6.367217882091494
5455 6.366120865171813
5456 6.365765804649587
5457 6.365337179101077
5458 6.362656261176322
5459 6.360853299042375
5460 6.359048213731175
5461 6.358833533223209
5462 6.358424093326118
5463 6.355525787581455
5464 6.355516466290652
5465 6.353296209280334
5466 6.353053876044173
5467 6.351534328049683
5468 6.349378463088136
5469 6.348160519969609
5470 6.345446063203055
5471 6.345124365243514
5472 6.341771081938624
5473 6.338628410767803
5474 6.338622273061788
5475 6.33720504132545
5476 6.334445893031654
5477 6.333547908995247
5478 6.3335004671442565
5479 6.3330192533941885
5480 6.3324484898049365
5481 6.331164998459436
5482 6.32948456311864
5483 6.328764948238307
5484 6.328579484118876
5485 6.326965582251618
5486 6.325650175384705
5487 6.324923338637957
5488 6.322369852103987
5489 6.320537593453539
5490 6.320308883272117
5491 6.319330206784049
5492 6.3192520682951265
5493 6.317570161201155
5494 6.315404098023336
5495 6.314100977794633
5496 6.311263237146467
5497 6.306398136422069
5498 6.3015112846692425
5499 6.30080460760177
5500 6.298269749243701
5501 6.291826953101972
5502 6.283935497400405
5503 6.28118708880171
5504 6.274835008676832
5505 6.2706949381401715
5506 6.270385110124872
5507 6.268501982925592
5508 6.268497323576018
5509 6.268105810541469
5510 6.268059141926723
5511 6.266823524018793
5512 6.26520554660469
5513 6.2649549188420135
5514 6.263882729057969
5515 6.263798891623404
5516 6.26368218341514
5517 6.260116804489196
5518 6.259148116978898
5519 6.259080665829592
5520 6.252731017967785
5521 6.251959818267621
5522 6.249647582551939
5523 6.248330629831764
5524 6.247400032763722
5525 6.246383851004667
5526 6.245064635051951
5527 6.24410074304473
5528 6.243948796295101
5529 6.243494449355143
5530 6.242370801623957
5531 6.239846361531108
5532 6.239246450313321
5533 6.238197135306795
5534 6.23544242339079
5535 6.232298910177142
5536 6.231646965434199
5537 6.230650377294328
5538 6.229673916173796
5539 6.229537421188021
5540 6.228817714674868
5541 6.228402970153139
5542 6.227051281183103
5543 6.2243190498624665
5544 6.2242496992087775
5545 6.224189540415244
5546 6.222008786024585
5547 6.221727596925796
5548 6.220711396656822
5549 6.219791486447905
5550 6.219381853753365
5551 6.218978482066384
5552 6.218821571614801
5553 6.217702671856153
5554 6.216895614691842
5555 6.215417895474707
5556 6.213667512947821
5557 6.213656335681142
5558 6.212820192559063
5559 6.211813623870714
5560 6.210132215781912
5561 6.20649929474498
5562 6.206005883705642
5563 6.2042960177092805
5564 6.202776191826084
5565 6.201160190962916
5566 6.198174675072828
5567 6.197011651119557
5568 6.192416778731849
5569 6.192167430405994
5570 6.190801517841213
5571 6.18839713280999
5572 6.1867460629791955
5573 6.183341380311102
5574 6.18112100564667
5575 6.179238040647744
5576 6.175602904138992
5577 6.174421826378874
5578 6.173293778141068
5579 6.172559366263683
5580 6.170849871923535
5581 6.170454548315224
5582 6.170119930327464
5583 6.1675694690371525
5584 6.166566923099826
5585 6.166198651786655
5586 6.166194451550445
5587 6.16494716347572
5588 6.163711505741753
5589 6.16342498679646
5590 6.160575234107753
5591 6.159832118947962
5592 6.157857932588239
5593 6.157018966614111
5594 6.155828124874527
5595 6.155444350932402
5596 6.154688805531554
5597 6.152968274742484
5598 6.151981821545153
5599 6.150571475842733
5600 6.149747966659123
5601 6.1495927635744785
5602 6.149390989838
5603 6.149317224097923
5604 6.1464589288056395
5605 6.144524977235828
5606 6.1426620042192575
5607 6.14107293909094
5608 6.1361863041908915
5609 6.135029187295443
5610 6.134413031271465
5611 6.1340735250752365
5612 6.1334930729751855
5613 6.132337288143758
5614 6.13233286106901
5615 6.131390144382339
5616 6.130982374227948
5617 6.129438749555819
5618 6.129069499674486
5619 6.127036214942825
5620 6.1248136006801515
5621 6.124667105063198
5622 6.12423249891284
5623 6.123115532003063
5624 6.1220309227115814
5625 6.121200758397749
5626 6.117791744811407
5627 6.117770933575367
5628 6.116061592356465
5629 6.114786992213273
5630 6.112992875447913
5631 6.110282901761601
5632 6.105999403686921
5633 6.105678564008552
5634 6.10248764683505
5635 6.1022920375295735
5636 6.099848382675602
5637 6.099489538923684
5638 6.0988555721321935
5639 6.098114663823962
5640 6.095873897288421
5641 6.094256166543539
5642 6.093994951728596
5643 6.092188610351122
5644 6.091747441655824
5645 6.091687571949437
5646 6.0888819631471325
5647 6.086227702851942
5648 6.085520103486389
5649 6.084978502414718
5650 6.084209370440177
5651 6.083679028835806
5652 6.083538287047628
5653 6.082105433453875
5654 6.080306615128204
5655 6.076917624291836
5656 6.074450415070761
5657 6.072820829286454
5658 6.072205138259918
5659 6.071976568308257
5660 6.068273844709509
5661 6.066237548341737
5662 6.065976158641227
5663 6.06430450449738
5664 6.063175967320447
5665 6.054844716559549
5666 6.054457805698795
5667 6.053888762215419
5668 6.053755673738467
5669 6.052248427466116
5670 6.052072100198469
5671 6.04894732541728
5672 6.0467947060049125
5673 6.043699941052239
5674 6.042929228284361
5675 6.040561963807184
5676 6.03995448952873
5677 6.036355363904584
5678 6.035136170971394
5679 6.034371744695634
5680 6.032365230543219
5681 6.0306112034424455
5682 6.028980741944521
5683 6.026313360436902
5684 6.025755510482883
5685 6.025464804179646
5686 6.025190457955339
5687 6.0242800040164495
5688 6.0237817864608685
5689 6.02252833220236
5690 6.021886463963258
5691 6.017510102638941
5692 6.017391834580163
5693 6.016760013896481
5694 6.0144398811411595
5695 6.0135196475915125
5696 6.013431863379596
5697 6.011222490637021
5698 6.008850168127616
5699 6.007157695957029
5700 6.006835028122638
5701 6.006178506958786
5702 6.005858401733088
5703 6.002618771782878
5704 5.999507373245298
5705 5.988966084569785
5706 5.9853444827616125
5707 5.983160748225004
5708 5.978903387046525
5709 5.978321097358018
5710 5.97716776807696
5711 5.977113120304828
5712 5.975406892208934
5713 5.971045255707589
5714 5.968999539973409
5715 5.966820795503743
5716 5.964549748971758
5717 5.963916196686255
5718 5.962945120835775
5719 5.962420727105802
5720 5.961947311878707
5721 5.9610932729469255
5722 5.960652110923476
5723 5.9580064586900185
5724 5.955821267929356
5725 5.954983517024683
5726 5.947769974280302
5727 5.947536514976221
5728 5.945886051934301
5729 5.942639209384472
5730 5.942456867392901
5731 5.940714749358645
5732 5.934944902311882
5733 5.9333040080600865
5734 5.9290701852919065
5735 5.926273879793334
5736 5.926131480311557
5737 5.924438506789496
5738 5.924308113342471
5739 5.92388361976734
5740 5.923265942304995
5741 5.9228061785005695
5742 5.918753957501124
5743 5.918404617449247
5744 5.917237363801606
5745 5.9153303034153115
5746 5.914399553322274
5747 5.914218612590699
5748 5.913899480377513
5749 5.913472669277023
5750 5.9133351195174715
5751 5.911157835158575
5752 5.908877907337354
5753 5.908529201733551
5754 5.908059109614157
5755 5.907470692578472
5756 5.907165683209712
5757 5.9040417222932025
5758 5.900988587906531
5759 5.897216403411319
5760 5.896559151456702
5761 5.892886039040314
5762 5.891710481472353
5763 5.891293559670869
5764 5.890740776720915
5765 5.8899929948292655
5766 5.888440322422434
5767 5.884864911933884
5768 5.884380678226172
5769 5.883910843419295
5770 5.883185939028222
5771 5.882373328506461
5772 5.88165035549884
5773 5.880660013350228
5774 5.878842755673875
5775 5.878721194771438
5776 5.878660025311317
5777 5.878630757683301
5778 5.877126581408501
5779 5.875619121784586
5780 5.87410536638299
5781 5.8737723824245585
5782 5.869802931721558
5783 5.8696660245538785
5784 5.868858353096204
5785 5.8661999351125536
5786 5.865378564237116
5787 5.861918544189767
5788 5.861360135419231
5789 5.860950234362933
5790 5.8608427967709344
5791 5.860280353281069
5792 5.859876764934181
5793 5.8593568378777
5794 5.857230875260706
5795 5.856150843271832
5796 5.855693180859848
5797 5.852749838251844
5798 5.844328219656474
5799 5.842788307312232
5800 5.841437226986911
5801 5.839558780531241
5802 5.838687665362026
5803 5.838515348541586
5804 5.8384080363748
5805 5.8382330037192185
5806 5.8359838048944495
5807 5.834340280721414
5808 5.83365550748681
5809 5.83199453205877
5810 5.8304290214302625
5811 5.830111474073348
5812 5.824385362356702
5813 5.822694864310778
5814 5.8204780175415545
5815 5.8201829642830205
5816 5.819508055787043
5817 5.819194405543523
5818 5.8190240465411796
5819 5.815709796398395
5820 5.814097510254319
5821 5.813135211801985
5822 5.812816831677755
5823 5.811970291353521
5824 5.811453423664106
5825 5.810872243810519
5826 5.808710354720133
5827 5.8083477548943865
5828 5.805702354177018
5829 5.805416805326716
5830 5.80110663751175
5831 5.798909453823179
5832 5.797680641091099
5833 5.796025130421861
5834 5.7953091035123725
5835 5.79330498891061
5836 5.793159242577393
5837 5.792226117980487
5838 5.7898638625136245
5839 5.783435546039616
5840 5.78313508303411
5841 5.778853248975291
5842 5.778128137827618
5843 5.7768457222714416
5844 5.776475706188834
5845 5.774996348314557
5846 5.772423237818166
5847 5.771560351785239
5848 5.770024085475813
5849 5.763336916326549
5850 5.76193973760746
5851 5.759711765236124
5852 5.758918314958596
5853 5.7588673356499696
5854 5.757808458246506
5855 5.7561781867648705
5856 5.756142695756837
5857 5.755411574418004
5858 5.751394027106708
5859 5.751133716532569
5860 5.751119780005447
5861 5.748591087663255
5862 5.748271072505284
5863 5.747778948142884
5864 5.746682037796707
5865 5.745698260037127
5866 5.741562383108905
5867 5.739645833713014
5868 5.739557757602601
5869 5.738451827669681
5870 5.737147872417437
5871 5.735683377798968
5872 5.732670138630079
5873 5.731743026116742
5874 5.730118294659734
5875 5.727123205269204
5876 5.7267629865153635
5877 5.724879327116038
5878 5.722757322279355
5879 5.722697790290028
5880 5.721395022274159
5881 5.718509649586175
5882 5.716280049384139
5883 5.71314416757016
5884 5.712076747087776
5885 5.711183541365023
5886 5.710587081457736
5887 5.7087401862501945
5888 5.7045685223198985
5889 5.704311296889676
5890 5.70267758464406
5891 5.701132275439949
5892 5.700466416521637
5893 5.698977655267736
5894 5.697765517846473
5895 5.697358979055162
5896 5.696999612277448
5897 5.696796526760571
5898 5.696497501071628
5899 5.696004882126073
5900 5.6939672141696205
5901 5.691403694710375
5902 5.690771998187477
5903 5.684651534301956
5904 5.684459158467182
5905 5.684388334333545
5906 5.681302390742244
5907 5.680645120706363
5908 5.67970376519825
5909 5.679196247150821
5910 5.677542854510527
5911 5.676458152347387
5912 5.674786861189878
5913 5.671088710730197
5914 5.668955838470218
5915 5.66826133040492
5916 5.667773600342548
5917 5.664866974472658
5918 5.660759601579556
5919 5.660731259565691
5920 5.659925354976904
5921 5.659229428050671
5922 5.657442807434713
5923 5.655876899974208
5924 5.654744005653028
5925 5.654690462332661
5926 5.653333070068846
5927 5.653108227690688
5928 5.6522803946417834
5929 5.65082291444436
5930 5.648930510936364
5931 5.6472974759165
5932 5.6472056880013
5933 5.647203251373743
5934 5.646549855924381
5935 5.6452555369328214
5936 5.642851870866406
5937 5.642805704419334
5938 5.642650898330842
5939 5.642341994280171
5940 5.641554871230429
5941 5.641024299738872
5942 5.640956796006943
5943 5.640735452258601
5944 5.639206410115434
5945 5.638895307414504
5946 5.638137135681921
5947 5.637942540413823
5948 5.637424197573448
5949 5.63714872893719
5950 5.630623387640802
5951 5.630450831430178
5952 5.626571920504986
5953 5.626326631648483
5954 5.6252109691225005
5955 5.6249464361495844
5956 5.620167198134556
5957 5.618664007892551
5958 5.616232775651516
5959 5.616167953366219
5960 5.6157925981453545
5961 5.61512647114323
5962 5.613600085007027
5963 5.61270549583523
5964 5.609358549995245
5965 5.607095081135066
5966 5.606661918080043
5967 5.601740439907091
5968 5.600639535242684
5969 5.599963804711816
5970 5.5992530574463695
5971 5.596497795445808
5972 5.593865515625092
5973 5.593388379579262
5974 5.591112057617653
5975 5.590525671390621
5976 5.5889764033633424
5977 5.588820511646014
5978 5.58646616383013
5979 5.586112517969699
5980 5.585226001107795
5981 5.585049840303039
5982 5.582626742527327
5983 5.578722875691534
5984 5.5752293359096665
5985 5.573732516787977
5986 5.57367724603676
5987 5.572800366289228
5988 5.5701504798829795
5989 5.568834782686291
5990 5.567306933295384
5991 5.566872512063304
5992 5.565553469159041
5993 5.563650656060326
5994 5.560939482031827
5995 5.560189301794635
5996 5.55951842485522
5997 5.559356350321333
5998 5.558772107544314
5999 5.557801744990196
6000 5.555771747004794
6001 5.553912784672658
6002 5.553588783267046
6003 5.550806988509961
6004 5.54755059445116
6005 5.546489464111567
6006 5.544612298700173
6007 5.541267512395457
6008 5.538702837206074
6009 5.538494506444405
6010 5.538040866107391
6011 5.53627916799235
6012 5.535907868374762
6013 5.533883103089293
6014 5.5311222044614725
6015 5.528108003714707
6016 5.527428086425381
6017 5.523859711611528
6018 5.523652954215069
6019 5.521831443961802
6020 5.521737372951509
6021 5.51958060378652
6022 5.518674146513038
6023 5.51626630915152
6024 5.514851244728993
6025 5.5147593199169345
6026 5.514329183869774
6027 5.509924580949765
6028 5.509857393243633
6029 5.505952734530236
6030 5.504850406659442
6031 5.504447129785634
6032 5.502995603678983
6033 5.502290167837783
6034 5.4988114529081065
6035 5.493669313063584
6036 5.492451394333746
6037 5.4922683742305995
6038 5.4905633739077
6039 5.4878267995639085
6040 5.4865717348672165
6041 5.48543285136664
6042 5.484576436479695
6043 5.482691968215026
6044 5.48196589896863
6045 5.48155806960274
6046 5.481098949173324
6047 5.476476580861369
6048 5.475576830798034
6049 5.468053748015641
6050 5.467137831455949
6051 5.463969473792565
6052 5.463112116642152
6053 5.462014138067163
6054 5.461890352708574
6055 5.4608431379626206
6056 5.4603349384870725
6057 5.456733649516591
6058 5.454791627569653
6059 5.454195890899909
6060 5.454095348507283
6061 5.4530728544447005
6062 5.44392497611218
6063 5.443337221412375
6064 5.443214789481537
6065 5.441136825397498
6066 5.4399049736463185
6067 5.436304629434928
6068 5.435430994472954
6069 5.434732865763837
6070 5.433676377012205
6071 5.432881374250126
6072 5.432697069337563
6073 5.43233752223546
6074 5.42959780643007
6075 5.425061158519877
6076 5.424202997884748
6077 5.423029653626014
6078 5.423007468701155
6079 5.415692101723644
6080 5.411512548733233
6081 5.408892036828827
6082 5.402547944838537
6083 5.400741948373685
6084 5.40045656215036
6085 5.40017744436909
6086 5.40011343462946
6087 5.397244039075652
6088 5.3957198596445775
6089 5.393943413226378
6090 5.393446339668369
6091 5.388175733593813
6092 5.384739374096214
6093 5.3836594752326885
6094 5.3807035246019135
6095 5.379576044351291
6096 5.379442326485586
6097 5.377750975005129
6098 5.377029658577556
6099 5.376663860886418
6100 5.373407073809463
6101 5.3727893140235805
6102 5.3707573632480825
6103 5.368799123091936
6104 5.368162287847926
6105 5.367902731400315
6106 5.366538580205653
6107 5.365329505004736
6108 5.3651002189544466
6109 5.365038054489542
6110 5.36413369557046
6111 5.362953422022554
6112 5.36213448090656
6113 5.361376225461526
6114 5.359571073933486
6115 5.359551449224919
6116 5.358685396995531
6117 5.357991073586073
6118 5.357141843810866
6119 5.3548145696002765
6120 5.353774683297943
6121 5.352555880023151
6122 5.352269624448562
6123 5.348131509271412
6124 5.348060599929041
6125 5.347268592675304
6126 5.345421279046884
6127 5.344270495091731
6128 5.337719649441229
6129 5.336446689022325
6130 5.33242618013839
6131 5.332326740644354
6132 5.329874348381414
6133 5.3297147376031875
6134 5.328601945019822
6135 5.32782346277768
6136 5.323351997788877
6137 5.319900483042422
6138 5.319797667618816
6139 5.31921544065642
6140 5.315755203494577
6141 5.31537719508687
6142 5.31492164980463
6143 5.314816201216996
6144 5.314565409925888
6145 5.308043606723946
6146 5.306506658422955
6147 5.30326392961921
6148 5.302940217128134
6149 5.301879208718367
6150 5.3011951695200805
6151 5.300031846087513
6152 5.2986533802494895
6153 5.297526764460079
6154 5.2968539628557485
6155 5.2914712519743805
6156 5.2911258562964
6157 5.291022683563926
6158 5.290526317035321
6159 5.288116397591344
6160 5.287591526993071
6161 5.287060643498845
6162 5.286675647980215
6163 5.283403351436572
6164 5.280881224001753
6165 5.280679071775353
6166 5.27806809948926
6167 5.277864080905309
6168 5.277616027186788
6169 5.276895669907853
6170 5.276611195177529
6171 5.2745906094878645
6172 5.273802594198436
6173 5.273158026908166
6174 5.27303367456555
6175 5.27010168503784
6176 5.266744336707423
6177 5.261208685829626
6178 5.2593805157443425
6179 5.256197210054623
6180 5.2552595431153835
6181 5.251420476472819
6182 5.249706491321249
6183 5.247284031784011
6184 5.24722032788893
6185 5.246631978448787
6186 5.243421250061925
6187 5.242353929013258
6188 5.241392173873245
6189 5.239935578909125
6190 5.23886237123613
6191 5.238336420023608
6192 5.238194331308456
6193 5.23606301584944
6194 5.236039745060491
6195 5.235359816273898
6196 5.233218431498101
6197 5.232168200645534
6198 5.229841759622387
6199 5.229102047673477
6200 5.223358023097397
6201 5.220901787616571
6202 5.218699724718601
6203 5.214030978851142
6204 5.213131196265692
6205 5.2124722922852
6206 5.210399316400171
6207 5.209102939298809
6208 5.204788118321029
6209 5.2041015053745365
6210 5.203756746813753
6211 5.203440831489907
6212 5.200184312698285
6213 5.199846611827286
6214 5.197943588468441
6215 5.196039628637563
6216 5.192905238370611
6217 5.19202195719341
6218 5.191506580508993
6219 5.191184775293099
6220 5.190271518722438
6221 5.18850098674905
6222 5.186252061799798
6223 5.183760757661409
6224 5.176301473602258
6225 5.169854950287992
6226 5.164282308361565
6227 5.1633060557282295
6228 5.159935890852779
6229 5.159655020515575
6230 5.156940342553303
6231 5.155895937007289
6232 5.154526239915178
6233 5.151730009783576
6234 5.144314356596189
6235 5.143505899528122
6236 5.143275053705839
6237 5.1426635435765
6238 5.14073406667671
6239 5.140346324705318
6240 5.139269556353401
6241 5.13877135690797
6242 5.138074873852899
6243 5.137615673261193
6244 5.135895731932981
6245 5.135589555124746
6246 5.13417763458185
6247 5.133486222816206
6248 5.132248197548044
6249 5.130381954051839
6250 5.130207533066742
6251 5.125780284363382
6252 5.12183428538095
6253 5.119159834624161
6254 5.111836928545905
6255 5.111557920251284
6256 5.1110175920786505
6257 5.110048925354273
6258 5.1078280464772705
6259 5.106818149872149
6260 5.104466460234526
6261 5.104359325466344
6262 5.103163133888118
6263 5.100212106211876
6264 5.0985011094113135
6265 5.097792358164852
6266 5.095661240400346
6267 5.0931914783030106
6268 5.09075339335704
6269 5.0890674967032234
6270 5.083608242617948
6271 5.083451060684939
6272 5.083434254773693
6273 5.07997758049735
6274 5.079299412508632
6275 5.079165536985925
6276 5.079152055472406
6277 5.0789020238165286
6278 5.078802997797812
6279 5.0767525800725375
6280 5.075886930071898
6281 5.0758408536013855
6282 5.074922443328255
6283 5.074448153295304
6284 5.070101775395213
6285 5.069341921083796
6286 5.064977501151762
6287 5.062484565461249
6288 5.061482072817559
6289 5.055805674836987
6290 5.055541939460151
6291 5.054900468958427
6292 5.051239318240643
6293 5.048038810607717
6294 5.047438987208286
6295 5.046360134741469
6296 5.045535838016403
6297 5.0436985060117205
6298 5.040428766355007
6299 5.040350221725833
6300 5.039962046102989
6301 5.039539718306621
6302 5.037443408124662
6303 5.029897294865265
6304 5.025959332820585
6305 5.024630910583718
6306 5.023779111499457
6307 5.02105121815599
6308 5.019821056442368
6309 5.0173910174832725
6310 5.015922727825425
6311 5.013746662914305
6312 5.012143752464801
6313 5.0115496029502244
6314 5.010221304021071
6315 5.00787204497735
6316 5.007756691466542
6317 5.001520475906756
6318 5.001254869716545
6319 5.000957251021685
6320 5.000942154082693
6321 4.99599891194044
6322 4.994161832796152
6323 4.993276389045138
6324 4.98543075173064
6325 4.983246177606787
6326 4.9825427271766145
6327 4.981248356468183
6328 4.979938615936392
6329 4.979330124975585
6330 4.978253564016114
6331 4.974680816083942
6332 4.9623016034113565
6333 4.961855615788691
6334 4.960466464091263
6335 4.958017840533024
6336 4.955774126724182
6337 4.954235331126872
6338 4.954083932579294
6339 4.953877521365272
6340 4.953190114724281
6341 4.9517229519316945
6342 4.949570184817115
6343 4.949312571004516
6344 4.947331673148544
6345 4.944895966991689
6346 4.9396265801769
6347 4.938245557396037
6348 4.937350786814994
6349 4.934161339486274
6350 4.9334257053017945
6351 4.931752180882046
6352 4.931604226779421
6353 4.931351106664389
6354 4.930761672279173
6355 4.930551908869969
6356 4.92890775885394
6357 4.9284234277411665
6358 4.925965906707894
6359 4.921543768208864
6360 4.919849158003934
6361 4.91975861154885
6362 4.9176592260835035
6363 4.9160803477555035
6364 4.915123500447997
6365 4.914921269737919
6366 4.913428101576811
6367 4.906812241011514
6368 4.903204955155572
6369 4.902733079686713
6370 4.902512725600159
6371 4.898221285920523
6372 4.897111734314334
6373 4.89236296515048
6374 4.892105807959486
6375 4.890431730935157
6376 4.890287759167824
6377 4.887714382833047
6378 4.880111298782285
6379 4.879638766798946
6380 4.878905118570753
6381 4.878737768062336
6382 4.8785621466683
6383 4.8758504389779205
6384 4.872911378182397
6385 4.871290329813055
6386 4.869307404305138
6387 4.865155341710211
6388 4.862664468888154
6389 4.862448048426945
6390 4.860961379180765
6391 4.860512909745666
6392 4.85047800511617
6393 4.849980826725041
6394 4.849434842812501
6395 4.849104342500576
6396 4.846739737310692
6397 4.845202818589544
6398 4.843246104035325
6399 4.842728099686247
6400 4.842682661291774
6401 4.842557784774509
6402 4.842530204261296
6403 4.842210964576053
6404 4.840596148532513
6405 4.839759163421444
6406 4.8397442475194365
6407 4.8388001954848106
6408 4.834221591346513
6409 4.833602422166619
6410 4.830709755300802
6411 4.8299183093295674
6412 4.829160596693083
6413 4.8274291567661205
6414 4.825831360427263
6415 4.822391018820029
6416 4.813480305483384
6417 4.809824042564509
6418 4.8089531336885765
6419 4.808786226150786
6420 4.8086831381520385
6421 4.808602052971563
6422 4.806373929910997
6423 4.801757899368298
6424 4.7986075630341745
6425 4.795909742212237
6426 4.794042271069402
6427 4.793125191448692
6428 4.792699088910978
6429 4.7913588280317025
6430 4.790098333550446
6431 4.78920226409493
6432 4.788107953257706
6433 4.781675880750059
6434 4.781217545449768
6435 4.778937517136613
6436 4.775252094600098
6437 4.773215666926956
6438 4.77086971094834
6439 4.770081529618429
6440 4.768252888459735
6441 4.767792018437892
6442 4.765042972029655
6443 4.756686406542332
6444 4.7550725213086595
6445 4.753339688885903
6446 4.752388272857526
6447 4.749052782438016
6448 4.746485941010563
6449 4.74443962055415
6450 4.743946151604629
6451 4.743663446305591
6452 4.739930941423389
6453 4.739059332969156
6454 4.737834153340688
6455 4.737114204059881
6456 4.736884628217625
6457 4.735496809655548
6458 4.73466801056532
6459 4.733373369368274
6460 4.7326126712121095
6461 4.729591669241401
6462 4.7290015399996586
6463 4.727364268671432
6464 4.7272586739337
6465 4.725995658793666
6466 4.723302567722051
6467 4.72306742598913
6468 4.723039095176993
6469 4.719997850858917
6470 4.718233452859971
6471 4.71685320096372
6472 4.714282109030272
6473 4.714259191717803
6474 4.7137697139928365
6475 4.709456876894835
6476 4.709114675258514
6477 4.707857004120467
6478 4.706922158937139
6479 4.703144414269022
6480 4.703118595830651
6481 4.7028576628044485
6482 4.7028391149809545
6483 4.700830896315525
6484 4.699592913936605
6485 4.697412904056009
6486 4.696424045412328
6487 4.696325983164797
6488 4.696071143069956
6489 4.694017410925876
6490 4.691632068286434
6491 4.689402917332719
6492 4.688936501877191
6493 4.688919664562166
6494 4.688828719874935
6495 4.688387583449215
6496 4.687103850329769
6497 4.681135239915704
6498 4.6790837646570145
6499 4.678957411222553
6500 4.676330619413195
6501 4.671720622302618
6502 4.671465038392207
6503 4.667166470954239
6504 4.667098959229469
6505 4.666227199026443
6506 4.666143030033623
6507 4.66585823494525
6508 4.662684600400252
6509 4.659801860917198
6510 4.659206535518418
6511 4.6565259703760615
6512 4.656367262221992
6513 4.653070874323588
6514 4.647913287757763
6515 4.647805152866311
6516 4.643065565294496
6517 4.64282743695624
6518 4.642447792940844
6519 4.640931717539979
6520 4.640027791716263
6521 4.639795782774239
6522 4.637401662734873
6523 4.632144621590483
6524 4.6316969551721785
6525 4.629402708719063
6526 4.626971179372758
6527 4.626584690886742
6528 4.625339977963279
6529 4.624620856596144
6530 4.620502024518895
6531 4.61784234570361
6532 4.61751100382669
6533 4.616586234389108
6534 4.616485139419006
6535 4.611830255272593
6536 4.611509008390422
6537 4.60767474444
6538 4.606065306245939
6539 4.602832375757732
6540 4.601644484167331
6541 4.60140909676054
6542 4.6010361669233975
6543 4.597008443625244
6544 4.594674252238885
6545 4.592794644480744
6546 4.591036853528975
6547 4.588546316858095
6548 4.586972291518996
6549 4.5776584603374895
6550 4.5733146945614696
6551 4.570563121872989
6552 4.568352155539457
6553 4.567135438985778
6554 4.566250969358326
6555 4.561419001430266
6556 4.560967178878208
6557 4.5600784031546215
6558 4.559998705382782
6559 4.556638658047299
6560 4.556360356404481
6561 4.555581837040723
6562 4.555120820473103
6563 4.551354421550845
6564 4.551112733842907
6565 4.549867966049786
6566 4.549168164400938
6567 4.548095796319251
6568 4.547725228141335
6569 4.544096396809721
6570 4.542916845875145
6571 4.5421926263668615
6572 4.5355608547887964
6573 4.52984624289949
6574 4.529189604288186
6575 4.528962836950428
6576 4.5283615560359705
6577 4.526453358699567
6578 4.525683718792612
6579 4.52551942543024
6580 4.523257189057923
6581 4.5201042253194625
6582 4.517871519076625
6583 4.517409991029983
6584 4.517208881860808
6585 4.51438683243781
6586 4.510968919404454
6587 4.509459705057201
6588 4.507947916858828
6589 4.503179184897649
6590 4.502290955214416
6591 4.497531257496117
6592 4.497145137162942
6593 4.4948374835304765
6594 4.492651920226917
6595 4.491057966414535
6596 4.489647497921049
6597 4.487228912465014
6598 4.483152356065607
6599 4.474699632206316
6600 4.472372172799866
6601 4.470949158749059
6602 4.470823481505609
6603 4.470725304445864
6604 4.4680120590801575
6605 4.467732887172779
6606 4.4640210659002735
6607 4.46332736400966
6608 4.462702629703922
6609 4.462447847390997
6610 4.461748070448367
6611 4.46081542900491
6612 4.458271258260698
6613 4.455394087023761
6614 4.453962545547358
6615 4.449531988906699
6616 4.445471359304574
6617 4.4447297329758575
6618 4.444198329671535
6619 4.443680456457308
6620 4.4417730929248265
6621 4.437550719244089
6622 4.437372515489839
6623 4.432971204232218
6624 4.432871261738957
6625 4.4321864049499435
6626 4.431353169895483
6627 4.427727396980741
6628 4.427697538010834
6629 4.4274031384757535
6630 4.426337803125159
6631 4.424906817253414
6632 4.422220117803939
6633 4.4220502404803925
6634 4.422028303470635
6635 4.4151014682376095
6636 4.4150399842357375
6637 4.414077377076427
6638 4.412710258780082
6639 4.4125847188383105
6640 4.411300535241988
6641 4.4111868142894215
6642 4.410947080457501
6643 4.4100725163613825
6644 4.408711877741382
6645 4.404254845942253
6646 4.403705318701721
6647 4.402700495579551
6648 4.397211085692754
6649 4.397011545698388
6650 4.395436438811059
6651 4.395192428746948
6652 4.394281714525111
6653 4.392959940431265
6654 4.389851782088913
6655 4.384044652545112
6656 4.382773578062807
6657 4.381752742897911
6658 4.381299247352543
6659 4.378981001969112
6660 4.378410646786047
6661 4.374313958625024
6662 4.372557783772138
6663 4.371707951639511
6664 4.371528502548133
6665 4.367212556939706
6666 4.364268023518868
6667 4.363498950749252
6668 4.362167738401865
6669 4.3575170345666425
6670 4.35592265466202
6671 4.35451793604818
6672 4.351328761155438
6673 4.350372817620036
6674 4.348799573379865
6675 4.347094829564967
6676 4.3465861109989445
6677 4.346501844838356
6678 4.346334021985701
6679 4.3460827327958205
6680 4.34553563056319
6681 4.344970931991688
6682 4.344115200341398
6683 4.342730943025197
6684 4.341778827897515
6685 4.341173286717858
6686 4.339619633934745
6687 4.336201252238717
6688 4.329175760320014
6689 4.329108327461201
6690 4.327945360575282
6691 4.327568838963195
6692 4.326458430242305
6693 4.3225765627608
6694 4.320949045756405
6695 4.3167046546323755
6696 4.311889937687495
6697 4.311884775925595
6698 4.311776656554764
6699 4.311175750171651
6700 4.307047711754949
6701 4.3065129604144285
6702 4.305666986856753
6703 4.300138430757737
6704 4.297403997357356
6705 4.29738836124019
6706 4.296894842037123
6707 4.295292246564934
6708 4.290690853214269
6709 4.289306524022132
6710 4.287093766323452
6711 4.284049544853615
6712 4.2827335275128675
6713 4.279558855459681
6714 4.279313232172694
6715 4.276733120071301
6716 4.276700282370371
6717 4.273367934406933
6718 4.2728239156780115
6719 4.271131345016376
6720 4.268962895268188
6721 4.268698534208733
6722 4.265432347724944
6723 4.264615355325227
6724 4.263255793655343
6725 4.261975443823393
6726 4.261749909870636
6727 4.2612913020796634
6728 4.258965242918392
6729 4.258952311146134
6730 4.256793727391476
6731 4.253791624203743
6732 4.249208776881591
6733 4.245748044723994
6734 4.2450994426421325
6735 4.242231804614515
6736 4.239180754104655
6737 4.238869018319291
6738 4.237794227851561
6739 4.236636778262646
6740 4.233651392651053
6741 4.233397601925266
6742 4.232897925196576
6743 4.2309648647397085
6744 4.227847723051636
6745 4.225169993189083
6746 4.224855696457413
6747 4.224275795310336
6748 4.21734845003365
6749 4.215002310613308
6750 4.210977765373206
6751 4.209357591900655
6752 4.209256515853918
6753 4.208908541390634
6754 4.204048370913377
6755 4.2005198167610684
6756 4.199668786149693
6757 4.199561063323012
6758 4.199136769240169
6759 4.199002209329363
6760 4.198129607051419
6761 4.197426202449635
6762 4.195526033011107
6763 4.194899996551503
6764 4.194148212237903
6765 4.189926934271415
6766 4.189813065837843
6767 4.186271046304849
6768 4.18213124782957
6769 4.179126153811183
6770 4.175297821771836
6771 4.168874495402814
6772 4.1680795583020105
6773 4.167246150327443
6774 4.162665873002039
6775 4.155359280748045
6776 4.15335661931538
6777 4.147648781422774
6778 4.147520893742425
6779 4.145575642109782
6780 4.145499667770406
6781 4.1437234787894885
6782 4.1414312688361745
6783 4.138425429110638
6784 4.136268496434328
6785 4.1339383989374685
6786 4.130154882495439
6787 4.130143886986563
6788 4.130106246057519
6789 4.130037595132512
6790 4.126291669029414
6791 4.122763502872743
6792 4.121113670167669
6793 4.11936312526837
6794 4.118978459096249
6795 4.1184651736813915
6796 4.117221541172825
6797 4.110607648400653
6798 4.109884777831791
6799 4.107213482934058
6800 4.1052000600367125
6801 4.104716517502621
6802 4.102839055403519
6803 4.10214391684206
6804 4.10139848169424
6805 4.100677772212677
6806 4.100135485199522
6807 4.09684032611086
6808 4.095522037064018
6809 4.092274223687921
6810 4.092266189039977
6811 4.091720572451413
6812 4.086708204461452
6813 4.085659926318166
6814 4.084971568421267
6815 4.082705821770281
6816 4.081666023791405
6817 4.080186100796183
6818 4.080105139619101
6819 4.0784883800656075
6820 4.076459145200247
6821 4.070099089496317
6822 4.069257011206942
6823 4.065254522633001
6824 4.065200069087464
6825 4.06445349357588
6826 4.063962543791571
6827 4.055080436809825
6828 4.052175166924812
6829 4.05188166965789
6830 4.051653407427993
6831 4.049943279896433
6832 4.046588629849306
6833 4.042778197960052
6834 4.037306340404082
6835 4.034112287555113
6836 4.029445768086095
6837 4.0290903403549745
6838 4.027076977541174
6839 4.024500377851277
6840 4.020925647107497
6841 4.020345618957413
6842 4.019911788518034
6843 4.019789312430538
6844 4.018664404825046
6845 4.0157340756223086
6846 4.014840725342016
6847 4.0136458094786445
6848 4.011792196184163
6849 4.010570085815978
6850 4.0080733579055705
6851 4.004151814523838
6852 4.002732594707295
6853 4.000531065910228
6854 4.000337817188384
6855 3.996911018590577
6856 3.9942401173310724
6857 3.9911553874841714
6858 3.9909683688408237
6859 3.9881625951229553
6860 3.987919571014631
6861 3.9872172032903785
6862 3.986574657766155
6863 3.9853648649107845
6864 3.984831159769705
6865 3.9847463972555475
6866 3.984356623738614
6867 3.983946763699606
6868 3.9816042289426283
6869 3.981417800349732
6870 3.9767468098113734
6871 3.976581545351364
6872 3.9753909115526644
6873 3.9749185197194747
6874 3.9713483169515493
6875 3.9706277832534083
6876 3.970008831070201
6877 3.9699082841922033
6878 3.968960584405332
6879 3.9638144041577537
6880 3.9635440936353423
6881 3.9597756348396635
6882 3.9581979920493486
6883 3.956737078824538
6884 3.9561682516141596
6885 3.9525103963830808
6886 3.952440798141005
6887 3.951641282122221
6888 3.948685404353141
6889 3.9470748296410485
6890 3.9463474598753754
6891 3.946307732648613
6892 3.9451450480787793
6893 3.943369379154639
6894 3.942342019344869
6895 3.941560132272895
6896 3.939750949192184
6897 3.938900468608552
6898 3.933889588353383
6899 3.932955172118996
6900 3.9309414676316257
6901 3.9296989110198415
6902 3.9269055190784323
6903 3.9255627334994596
6904 3.919100268028511
6905 3.914554118482181
6906 3.9140391564556856
6907 3.9125253165087885
6908 3.9118344166775985
6909 3.9092585859486104
6910 3.9072400774819647
6911 3.906658197227067
6912 3.9062561435457153
6913 3.902428727232469
6914 3.898729163341979
6915 3.8966806751141063
6916 3.895546288356544
6917 3.8942392080323778
6918 3.892759668136252
6919 3.8920549023708237
6920 3.891118083081367
6921 3.8904776625607282
6922 3.890265761913758
6923 3.888950391942391
6924 3.8878455780118686
6925 3.886365155974072
6926 3.8843998089431984
6927 3.8838953150205
6928 3.882061969129279
6929 3.879012014783474
6930 3.877374695088078
6931 3.8761186740650584
6932 3.874644884374533
6933 3.8718475266569174
6934 3.8714583585731996
6935 3.8707145944983683
6936 3.867577952401724
6937 3.8656914457706573
6938 3.863575016753058
6939 3.863104579286562
6940 3.8626691691097714
6941 3.861285165427055
6942 3.856373564390685
6943 3.852192660774921
6944 3.8478397142241985
6945 3.8464511830367143
6946 3.845759537356546
6947 3.8379795727885027
6948 3.8377236952769884
6949 3.8303078115042215
6950 3.8250701588427622
6951 3.822820318023556
6952 3.821411492353013
6953 3.820893178920999
6954 3.8195207361773065
6955 3.8146104882460246
6956 3.812172829048369
6957 3.810065768315455
6958 3.808557364031237
6959 3.807147673362084
6960 3.8053970616617754
6961 3.8050359032770946
6962 3.798394776132328
6963 3.796333414587062
6964 3.79599879469382
6965 3.7917266488790218
6966 3.788675696584468
6967 3.7880147105932007
6968 3.7872548595305546
6969 3.7833190821139278
6970 3.7832133359724964
6971 3.7824631379698763
6972 3.7771703695307006
6973 3.7761624210801035
6974 3.774905332942626
6975 3.7734476477728665
6976 3.772976117824562
6977 3.769846310577013
6978 3.769845084752548
6979 3.7692361230574156
6980 3.768266865314625
6981 3.7666797814084356
6982 3.763690658423912
6983 3.762526138472428
6984 3.7604683757752357
6985 3.760328289675834
6986 3.757778721363532
6987 3.7567887265184288
6988 3.7560140494976113
6989 3.75447107446748
6990 3.7544348572519897
6991 3.7482287964098657
6992 3.7422671143284068
6993 3.742088858478868
6994 3.740047790929208
6995 3.7385817585568417
6996 3.735359660578274
6997 3.7340051621035646
6998 3.7335385331212283
6999 3.732391863951587
7000 3.729461524356657
7001 3.728363021622799
7002 3.727550131008173
7003 3.7265327011165463
7004 3.7251890730725465
7005 3.7229438930176366
7006 3.722804077911419
7007 3.7185736677757086
7008 3.718453412090059
7009 3.715221874003511
7010 3.7130678236367887
7011 3.7103779794861635
7012 3.7100858482473926
7013 3.707699339919711
7014 3.7057295477107304
7015 3.698632413892639
7016 3.698344402048671
7017 3.694270539772473
7018 3.693460674134547
7019 3.6921516811195176
7020 3.6910438188991352
7021 3.690430791646562
7022 3.690140269806756
7023 3.6879401277777597
7024 3.6869798799732343
7025 3.685478371087157
7026 3.685454543634193
7027 3.684393615132041
7028 3.6828525362553517
7029 3.682388690544179
7030 3.6823373863584825
7031 3.6819290991150075
7032 3.681245991438361
7033 3.6798047066416792
7034 3.679400010635319
7035 3.6772876259122658
7036 3.67323982191288
7037 3.665329870474959
7038 3.6630350532995744
7039 3.662555413916215
7040 3.6594109229216496
7041 3.6586328547665867
7042 3.6585566862770866
7043 3.658318811248361
7044 3.6563317007134843
7045 3.6541747240713462
7046 3.6528992124287427
7047 3.6511592979577085
7048 3.6473497976818865
7049 3.647203376023943
7050 3.64074232301025
7051 3.6338093984066475
7052 3.6337449550815863
7053 3.6329354696750134
7054 3.6328342403723153
7055 3.632706456358258
7056 3.629723816192732
7057 3.62925124898179
7058 3.6272982547656576
7059 3.627007301208299
7060 3.6265885256418158
7061 3.625544065545014
7062 3.6246728798126573
7063 3.620537355731485
7064 3.615762827689763
7065 3.6149478119360134
7066 3.609151879110733
7067 3.606932376075318
7068 3.6021760722345695
7069 3.6018565871723585
7070 3.585750285755011
7071 3.5843864047896297
7072 3.5817336431564972
7073 3.576912108427463
7074 3.5754785563994367
7075 3.569530125914843
7076 3.5684067036100005
7077 3.5675769065870786
7078 3.5644582602842068
7079 3.5635181935254203
7080 3.5633172957199877
7081 3.562986395432056
7082 3.5572284498292657
7083 3.554059527913149
7084 3.5513368412954693
7085 3.5490368833647357
7086 3.5488697003720735
7087 3.545077024352252
7088 3.5398910663368284
7089 3.539060213445311
7090 3.5354040470734254
7091 3.535137354745355
7092 3.5343165296813868
7093 3.5341835062470834
7094 3.5340235395435697
7095 3.533004796788811
7096 3.5298438469375713
7097 3.5243562653359075
7098 3.5231125539925454
7099 3.5206274844674392
7100 3.51850467821663
7101 3.5173113245451213
7102 3.515847656300891
7103 3.5135064991905653
7104 3.508683052325718
7105 3.5054351905483325
7106 3.505093828879523
7107 3.5029605843644482
7108 3.497358223785576
7109 3.494806828811681
7110 3.4930806374606576
7111 3.4928527136578302
7112 3.4922179785360012
7113 3.4876502302503596
7114 3.484326819369656
7115 3.48135203923256
7116 3.479687067491906
7117 3.4762001662163473
7118 3.472517585848094
7119 3.470980275686712
7120 3.4705510910069877
7121 3.470371923342903
7122 3.4701119207722444
7123 3.470010827517289
7124 3.469986528432547
7125 3.4688544522315072
7126 3.4673451282022056
7127 3.4671549515479816
7128 3.466473334935666
7129 3.464239842233494
7130 3.464224945667235
7131 3.461859318626773
7132 3.454220015143915
7133 3.45402917165551
7134 3.451733489799482
7135 3.4493451121924834
7136 3.448605703121029
7137 3.4427120766120796
7138 3.442635416672171
7139 3.438733343030299
7140 3.4278706670311982
7141 3.4269004119863014
7142 3.4266569480398257
7143 3.4246930387389596
7144 3.4208913847625495
7145 3.4183033288014455
7146 3.4153552420141318
7147 3.4126646035621757
7148 3.4123893038401496
7149 3.410396851704184
7150 3.410395202201683
7151 3.405474250282381
7152 3.4049224852115385
7153 3.401254222889296
7154 3.3973517134432027
7155 3.3911512155668233
7156 3.3905513535938714
7157 3.3897073371464295
7158 3.3881339234649293
7159 3.3874465868275867
7160 3.382711467026479
7161 3.3819040828815896
7162 3.379820604426912
7163 3.3786856931413913
7164 3.3775515156588516
7165 3.377520864289057
7166 3.3761234170682264
7167 3.375361581773327
7168 3.372884929376854
7169 3.372271709652008
7170 3.3693061504053707
7171 3.3652867054754094
7172 3.364673865923527
7173 3.3635699666671908
7174 3.3579639171796045
7175 3.356302658043972
7176 3.3494005601648897
7177 3.340060518134757
7178 3.3399743303188423
7179 3.3388250730412383
7180 3.331543230085635
7181 3.3306042761303334
7182 3.3290263736143584
7183 3.324355721570156
7184 3.3237461619712687
7185 3.3232821966734436
7186 3.3232658409269447
7187 3.320101388075863
7188 3.316557290573636
7189 3.3142290373416627
7190 3.3118876877417653
7191 3.30713858356597
7192 3.306832487436232
7193 3.3038240914203785
7194 3.303510991003635
7195 3.301237687194156
7196 3.300990418178696
7197 3.2964170942583437
7198 3.292223430790545
7199 3.2915826857514614
7200 3.2892907324094853
7201 3.2850560172003465
7202 3.283275871417911
7203 3.2817889650588445
7204 3.2784362110273024
7205 3.277110040285049
7206 3.2766231131116417
7207 3.27515216419084
7208 3.2691224217786226
7209 3.267095240160203
7210 3.266155391050809
7211 3.2622626809449073
7212 3.2616865607212695
7213 3.2579382704301563
7214 3.2577421800247413
7215 3.2574943417925972
7216 3.2561170537720407
7217 3.2549944570469083
7218 3.2518643737892887
7219 3.243882787983305
7220 3.2383402082553316
7221 3.237680094328023
7222 3.235203550536826
7223 3.2332189656800105
7224 3.23094382058859
7225 3.221592454556591
7226 3.2212072587227962
7227 3.218029431496983
7228 3.212481833109475
7229 3.2078899601920163
7230 3.207163053884451
7231 3.204216751859522
7232 3.2026244240705912
7233 3.201983113524093
7234 3.198502766884875
7235 3.1968955032511635
7236 3.1967171695470302
7237 3.1943350401699915
7238 3.190067296586403
7239 3.1855819051982786
7240 3.1833334905924
7241 3.180216061830546
7242 3.1763735671510496
7243 3.1762712788155962
7244 3.1689310502003787
7245 3.1680820194098285
7246 3.1677923631329663
7247 3.162184436263935
7248 3.156972483760315
7249 3.1514691433829523
7250 3.150546648150318
7251 3.148429288150317
7252 3.1475373778115134
7253 3.1457791700848072
7254 3.14312780738169
7255 3.142372259079073
7256 3.140623036053772
7257 3.13848175817454
7258 3.1370859033281993
7259 3.135706732912484
7260 3.1356140254420652
7261 3.1275352671593755
7262 3.1261216733754518
7263 3.123659700870674
7264 3.1206102991518243
7265 3.1195661908007914
7266 3.1163960660091097
7267 3.1150980916843642
7268 3.104669705977745
7269 3.0953288176745737
7270 3.094143836966631
7271 3.0936918496013917
7272 3.091032775151587
7273 3.090862383932694
7274 3.08704992848656
7275 3.0866889310092027
7276 3.0857740565171006
7277 3.0824863480397826
7278 3.082177981361023
7279 3.0821417824248702
7280 3.0816426681798594
7281 3.080965053462929
7282 3.0733866659690556
7283 3.0690230049284746
7284 3.0674881615956227
7285 3.065543487980929
7286 3.0614604115232
7287 3.0502252439992965
7288 3.049735658709592
7289 3.0496014688095423
7290 3.046575838126266
7291 3.0443167781934948
7292 3.0442243406138267
7293 3.0397617651355775
7294 3.0367687069762823
7295 3.031439553983253
7296 3.02729357721404
7297 3.0252124910794493
7298 3.024895462119377
7299 3.0203220498494296
7300 3.0185103389900303
7301 3.01172938137169
7302 3.0074918884964292
7303 3.0072702861349074
7304 3.003433051115669
7305 3.00230526094579
7306 3.000995712928682
7307 2.999004368370647
7308 2.9963151227549925
7309 2.995515455609415
7310 2.991672925231098
7311 2.985493531864378
7312 2.9833434815436695
7313 2.9800533473383863
7314 2.976874015767779
7315 2.9734869865178704
7316 2.970363356464632
7317 2.9703018169180453
7318 2.97015276524728
7319 2.9649558121960826
7320 2.9643755418370357
7321 2.963133932061193
7322 2.9589978887165165
7323 2.9573129098327335
7324 2.956189121257357
7325 2.951135033693718
7326 2.9506849001823054
7327 2.941882193311025
7328 2.9303999104202987
7329 2.93034290378005
7330 2.9298930676567223
7331 2.925728446491272
7332 2.9242793283224655
7333 2.9239096621779472
7334 2.923759174006305
7335 2.919674737239283
7336 2.919456899847965
7337 2.918752062303755
7338 2.914411294465023
7339 2.91424127839223
7340 2.911237981291285
7341 2.9107768323468473
7342 2.9097704967492115
7343 2.90756993892672
7344 2.9064038815321953
7345 2.903128146751166
7346 2.8997693612406223
7347 2.899603851450491
7348 2.89711451315489
7349 2.8937103026592337
7350 2.8897341995525334
7351 2.8794828467141604
7352 2.8786860430910552
7353 2.87438688637767
7354 2.8731460812279477
7355 2.871063426800828
7356 2.8694968043316598
7357 2.867830567904988
7358 2.8643107798397236
7359 2.864202568536584
7360 2.8639552772137984
7361 2.8601371767726054
7362 2.8540212689340376
7363 2.8526529373231053
7364 2.8525939678119694
7365 2.849745319851714
7366 2.8462364539351164
7367 2.8462282945164485
7368 2.8455040102307905
7369 2.8445808486268658
7370 2.8396796082160325
7371 2.8392023045315713
7372 2.8387862795937115
7373 2.8222817568802823
7374 2.813795806682118
7375 2.811532997118011
7376 2.8042730355866587
7377 2.802690692549861
7378 2.7963102999648646
7379 2.7947903755021906
7380 2.7908263284233943
7381 2.7889059796194546
7382 2.7887431817062596
7383 2.787889817153757
7384 2.776945160422518
7385 2.7763650897368337
7386 2.7754709822725907
7387 2.7742836806407913
7388 2.773632680348067
7389 2.7715580867652183
7390 2.7713288582717426
7391 2.7703564545830783
7392 2.765817830365253
7393 2.7641189467389955
7394 2.7640689050451663
7395 2.7590100787309937
7396 2.758336154694111
7397 2.7543246043273144
7398 2.7527692644578914
7399 2.750371157343182
7400 2.7498537605827136
7401 2.748492222423285
7402 2.744719713761798
7403 2.7426868339671397
7404 2.732749050236684
7405 2.706658393827222
7406 2.701050104747808
7407 2.697134441958783
7408 2.694684987608084
7409 2.6915180916132226
7410 2.687265463934095
7411 2.685268595752882
7412 2.680450796892292
7413 2.679024812622847
7414 2.6757984642723933
7415 2.673380688705418
7416 2.6684710354604912
7417 2.6671379820326133
7418 2.665038595946937
7419 2.6600384114776485
7420 2.6573553105618797
7421 2.6556438282890045
7422 2.6543397877827744
7423 2.6530025307886884
7424 2.651758452588998
7425 2.6508591435618136
7426 2.6502497575909145
7427 2.6501454499286936
7428 2.6500139157418183
7429 2.6455958437486764
7430 2.639835449704964
7431 2.639278279408297
7432 2.631429830559959
7433 2.6303869359449807
7434 2.6249573684298517
7435 2.614558501719146
7436 2.612961541635947
7437 2.6107967438430038
7438 2.604490227766643
7439 2.6040672742878743
7440 2.6003479859371454
7441 2.5982811401808186
7442 2.597410963370988
7443 2.585037786205034
7444 2.5836245083943457
7445 2.5754470702202346
7446 2.5753870564624837
7447 2.572871226308989
7448 2.5716977022552188
7449 2.571307582898048
7450 2.5652322473347526
7451 2.559824137455884
7452 2.5489756960733767
7453 2.546780558807239
7454 2.5427584991987513
7455 2.53200706626582
7456 2.5314018464370367
7457 2.5179801547335217
7458 2.517300542466912
7459 2.5160051068031386
7460 2.514022914206554
7461 2.5135828658882655
7462 2.5112165940807154
7463 2.506546962537604
7464 2.5063168191884757
7465 2.492939958928544
7466 2.4928973775998045
7467 2.4826666279261835
7468 2.4826548017086556
7469 2.481534024664194
7470 2.479718163731606
7471 2.4737466321068227
7472 2.473127535741092
7473 2.465616963419246
7474 2.4640384238723954
7475 2.463384492252361
7476 2.4632379849348207
7477 2.4608463603976594
7478 2.4562218540246326
7479 2.4557628323881993
7480 2.441547966144799
7481 2.4385429903642994
7482 2.4369913282828777
7483 2.4345897183951584
7484 2.4334220944827263
7485 2.4230384085047283
7486 2.4226547004697165
7487 2.421684287991298
7488 2.4215230872030955
7489 2.4199009774939158
7490 2.418275961722072
7491 2.414338462242371
7492 2.409598874171788
7493 2.4014840249019396
7494 2.400623278331377
7495 2.3999686163702827
7496 2.3999226191875103
7497 2.398045642303607
7498 2.3924025787821885
7499 2.3923970145843856
7500 2.3906506462310273
7501 2.3885091905285605
7502 2.388163008228997
7503 2.387223635279273
7504 2.382437588518236
7505 2.3810986472764735
7506 2.380918464179335
7507 2.3788995829596726
7508 2.36802764145019
7509 2.359616433705394
7510 2.3588376604595007
7511 2.3507703690705406
7512 2.3503035084757644
7513 2.348328433724869
7514 2.343748508797238
7515 2.3413213227291494
7516 2.3383413753722415
7517 2.3362848591574026
7518 2.3359207165661204
7519 2.3356823521087393
7520 2.33478614056968
7521 2.3309886788904435
7522 2.32954896749784
7523 2.32001985717717
7524 2.3196231663555444
7525 2.306433745821298
7526 2.305964503403776
7527 2.2974673824316265
7528 2.291645815915459
7529 2.288138901238497
7530 2.2746932431694558
7531 2.2720715253810004
7532 2.267940788111132
7533 2.2671407740676153
7534 2.266467841261341
7535 2.2612603945585414
7536 2.2524203147438726
7537 2.2460505906218873
7538 2.24232721373868
7539 2.2311207700096456
7540 2.230985650805115
7541 2.225293529604961
7542 2.2199382940837427
7543 2.2175237728289687
7544 2.216364673717947
7545 2.2150912550003503
7546 2.208169278768194
7547 2.1995134980307522
7548 2.1994773329914072
7549 2.196188314279216
7550 2.192685271811805
7551 2.19131826019217
7552 2.1899692765119547
7553 2.189836108040352
7554 2.1871184020363903
7555 2.1864965113704193
7556 2.183398494646847
7557 2.1809046641747076
7558 2.175699084994672
7559 2.167372344156845
7560 2.166718387097688
7561 2.1662249523818824
7562 2.165771054774962
7563 2.163371376597851
7564 2.1564140752031795
7565 2.1551432758281974
7566 2.154020257491271
7567 2.14940416035735
7568 2.1433998877396525
7569 2.1430505644461295
7570 2.1413738906714124
7571 2.1390922140938637
7572 2.1384940561048564
7573 2.138376391352355
7574 2.1366455759207925
7575 2.133564397604649
7576 2.133411811090542
7577 2.1297605122615364
7578 2.1291157970300936
7579 2.1257609096139736
7580 2.1252357991783666
7581 2.1223484147215244
7582 2.1092170047577645
7583 2.10728071347995
7584 2.105151801153441
7585 2.104006955471554
7586 2.1006375304713303
7587 2.0963700598347517
7588 2.095063583993889
7589 2.090918884949017
7590 2.0873692419581737
7591 2.0864442673264554
7592 2.0787172542599746
7593 2.077441277979979
7594 2.0767467306606133
7595 2.0725409950255607
7596 2.065953958582919
7597 2.05235016626483
7598 2.0514148571662387
7599 2.048080443871517
7600 2.0430174022412664
7601 2.0413055374982396
7602 2.024980374025665
7603 2.023634468478673
7604 2.0189360644301337
7605 2.0138622622691917
7606 2.013103955665333
7607 2.0116121642117024
7608 2.0043608430000774
7609 2.0030506579518157
7610 2.000576848246658
7611 1.9962785004363273
7612 1.9933830845951752
7613 1.9931166929077795
7614 1.9916363970447466
7615 1.9910621331273644
7616 1.990437692705554
7617 1.9901407005170577
7618 1.9892326669525553
7619 1.9862747648814167
7620 1.9846058992178552
7621 1.9840078971997512
7622 1.978842770556288
7623 1.9787577659428466
7624 1.9767859427990826
7625 1.970296220181136
7626 1.9696296832975533
7627 1.9686482950163977
7628 1.9682550536407555
7629 1.963761381336186
7630 1.963389047116465
7631 1.963068636627204
7632 1.9622032536647103
7633 1.9585666517315383
7634 1.95777142095669
7635 1.957485341073526
7636 1.9550393188655653
7637 1.9420839128899396
7638 1.9351310792416339
7639 1.9279827998546601
7640 1.927776516802723
7641 1.927056540226506
7642 1.9069141018172273
7643 1.9053259923141455
7644 1.9051152786752763
7645 1.9050025145678016
7646 1.8945252587583807
7647 1.8934949650739832
7648 1.8914967252043837
7649 1.8866683335813759
7650 1.8861863824241047
7651 1.884702313054979
7652 1.8827689654987578
7653 1.8676715744386594
7654 1.8600654958818974
7655 1.8598031119017238
7656 1.8521459011044454
7657 1.8509998017105107
7658 1.847290948522788
7659 1.844506423111991
7660 1.840936165680558
7661 1.8334967124223631
7662 1.832141659033088
7663 1.8308761111230463
7664 1.828557113028689
7665 1.8250730721257096
7666 1.8237751909182582
7667 1.812355064512489
7668 1.8076887090795428
7669 1.7941033115679605
7670 1.7924701812678594
7671 1.7883335007983527
7672 1.7799086549020158
7673 1.7748821129455856
7674 1.7655920454649734
7675 1.7652442862980005
7676 1.7650529283083654
7677 1.7633028566492879
7678 1.7623940224300148
7679 1.7594651408567217
7680 1.758219964931471
7681 1.7580851887219648
7682 1.7539774123039182
7683 1.7509461987038608
7684 1.7502983670380283
7685 1.7367215929787876
7686 1.7330261299130525
7687 1.729503630670608
7688 1.7202310830431613
7689 1.7199716922440051
7690 1.7116129250408973
7691 1.7114218217628456
7692 1.696892851108378
7693 1.6967697242035567
7694 1.6959361399706065
7695 1.6919248665651914
7696 1.6905157211834265
7697 1.6879475111547282
7698 1.6876226758221446
7699 1.6862596903119276
7700 1.6845496133939537
7701 1.684510588659839
7702 1.6820369127727912
7703 1.6797797567676191
7704 1.6758220109164559
7705 1.6705488227046477
7706 1.670140047974152
7707 1.6700325720873674
7708 1.6697014512651494
7709 1.6660483106298922
7710 1.6649710087426746
7711 1.6642016884560662
7712 1.6634890709638885
7713 1.6616042530515944
7714 1.644631713765181
7715 1.6414860510130052
7716 1.64078932148587
7717 1.638068450303669
7718 1.6266775071027861
7719 1.6117153507473636
7720 1.606784010502056
7721 1.6031355501814217
7722 1.603090718208317
7723 1.6029546651109108
7724 1.5943713446262207
7725 1.5932120860068844
7726 1.591036797621946
7727 1.5844132762788987
7728 1.5804514785168673
7729 1.5685651601473938
7730 1.5672357716256717
7731 1.5671487374860065
7732 1.5644902108712473
7733 1.5643319859415505
7734 1.560801605259724
7735 1.5577861119050407
7736 1.556493969010473
7737 1.553911659942573
7738 1.552517973291027
7739 1.5462287809937276
7740 1.54539854604417
7741 1.5410480297182054
7742 1.5306285417864398
7743 1.5277317430152746
7744 1.5274572193619576
7745 1.5228277719510286
7746 1.5209368832265562
7747 1.51767400744909
7748 1.5174600002183
7749 1.5053406482257696
7750 1.5045796004688619
7751 1.502535546053925
7752 1.5015676764981756
7753 1.5015156280377544
7754 1.4948041631967448
7755 1.4868139545807395
7756 1.4767989369845895
7757 1.4645087255940652
7758 1.457183527109156
7759 1.4513961610921908
7760 1.4499405642340475
7761 1.4456056618158608
7762 1.44469415789359
7763 1.442785407898027
7764 1.442077607877604
7765 1.4415669656911891
7766 1.4398028581260338
7767 1.4294738182272453
7768 1.4233534877090557
7769 1.4204646776959329
7770 1.3935772811098575
7771 1.3909792033359298
7772 1.3837455042011415
7773 1.3787281473324997
7774 1.374667008002608
7775 1.3705460190338166
7776 1.3674164491276797
7777 1.3662188413955947
7778 1.3610212536069457
7779 1.358264520572259
7780 1.3562446706730455
7781 1.3535149230886272
7782 1.3489943309529873
7783 1.3464362752046353
7784 1.3433033578016274
7785 1.3358043593726932
7786 1.3345588242688782
7787 1.3268477159069814
7788 1.325911714863799
7789 1.3176190804563888
7790 1.3072030697225294
7791 1.3070256069043877
7792 1.305807011544267
7793 1.3004293731670544
7794 1.2999402717473827
7795 1.2971636015581833
7796 1.2969047762577524
7797 1.2938390405218265
7798 1.2892845884223605
7799 1.289233614550658
7800 1.2886862062027304
7801 1.2831321908063527
7802 1.2811835286788442
7803 1.2807944905994533
7804 1.2744848237693216
7805 1.2729751369550706
7806 1.2676940597736386
7807 1.2602162590157941
7808 1.2587691024109908
7809 1.2460276494142746
7810 1.2425852316581132
7811 1.2412308965809733
7812 1.2264228340257168
7813 1.2179289535434819
7814 1.2074862750672093
7815 1.2072644149587997
7816 1.2054157976269548
7817 1.2000003545656555
7818 1.1851127811456383
7819 1.182475420514283
7820 1.1822538054342127
7821 1.181751336668633
7822 1.1804098168168304
7823 1.1787576801615904
7824 1.1787472289207646
7825 1.1651118733518113
7826 1.1622597928415876
7827 1.1585540519405921
7828 1.1450547282497707
7829 1.142793829686849
7830 1.1415504834660475
7831 1.1405647113991983
7832 1.140204627261856
7833 1.1392692500725854
7834 1.1388010613691752
7835 1.1303826658305407
7836 1.1264720596682283
7837 1.1260327063588202
7838 1.122829649971288
7839 1.122445337316524
7840 1.1193217192318967
7841 1.1109171277227616
7842 1.1107663951945483
7843 1.110671777481423
7844 1.1069833591728737
7845 1.1044914017670748
7846 1.1012752828842443
7847 1.0969635102099762
7848 1.0956705626291945
7849 1.0951478812376862
7850 1.0929144646101125
7851 1.08859193596466
7852 1.0884103979817852
7853 1.0874836015521818
7854 1.0866082995487392
7855 1.0814314390512667
7856 1.07526800689732
7857 1.0672589336423284
7858 1.0666775901846601
7859 1.0588577401087185
7860 1.056398912845864
7861 1.0529890005329405
7862 1.0522442465410367
7863 1.0443778271467288
7864 1.043955118349303
7865 1.0421643788113342
7866 1.0417309683716447
7867 1.0405620394329116
7868 1.033846538192701
7869 1.031475982397833
7870 1.0252280756401804
7871 1.0187020243974514
7872 1.0178085273784785
7873 1.0144411572639775
7874 1.0105895133156602
7875 1.0035495361678803
7876 0.997480957282816
7877 0.9968125600213324
7878 0.9956407958149164
7879 0.9935027466194731
7880 0.9899589164843927
7881 0.9893540282680673
7882 0.9675351834055216
7883 0.9621860292008843
7884 0.9609235118299824
7885 0.9595334116825804
7886 0.9578929985290466
7887 0.95356839114938
7888 0.9531884389166482
7889 0.9356119933366974
7890 0.9342780934964542
7891 0.9315380982044454
7892 0.9182541290031644
7893 0.9173173854329445
7894 0.911419908560262
7895 0.9108460413171544
7896 0.9060897706787184
7897 0.9046346554579563
7898 0.885254337691579
7899 0.861371179788257
7900 0.8596953431264145
7901 0.8469764102142461
7902 0.8400274685141566
7903 0.8332486589956996
7904 0.8332455863082955
7905 0.8312862765936148
7906 0.8311052891935993
7907 0.8306844655675442
7908 0.8303278191679739
7909 0.8288980295521657
7910 0.8265650670123829
7911 0.8223726564837147
7912 0.8206769419892951
7913 0.8190984094025919
7914 0.8171805922971155
7915 0.8160143094493126
7916 0.8102847158026804
7917 0.809313760654181
7918 0.8054469621173035
7919 0.8033911977345971
7920 0.8006090506795119
7921 0.7981133995936605
7922 0.7953170812130593
7923 0.7881366521546803
7924 0.7798964684269015
7925 0.7763098416361579
7926 0.7743866727785204
7927 0.7700263546171543
7928 0.767888666286525
7929 0.7675079613303939
7930 0.7655706837444229
7931 0.7646097107771495
7932 0.7641332418670955
7933 0.7499232310786926
7934 0.74634512053221
7935 0.7430763199346332
7936 0.7300322903352563
7937 0.7257881358863303
7938 0.7157919768036148
7939 0.7070681429179803
7940 0.7040610706971963
7941 0.6992846819644055
7942 0.6947952100944519
7943 0.6941518921500636
7944 0.6932741684518089
7945 0.6839599251970238
7946 0.683938713067505
7947 0.6805165428276724
7948 0.6802198614054956
7949 0.6753987261928873
7950 0.6656863499823674
7951 0.6641164680614259
7952 0.6639112543283956
7953 0.6597534150601776
7954 0.6597280266866593
7955 0.6593397709726069
7956 0.6577049966915771
7957 0.6508425717940063
7958 0.6493681012920652
7959 0.647466656135996
7960 0.6396250365933672
7961 0.634067714368983
7962 0.6272636600838672
7963 0.621379894142135
7964 0.6207150657736868
7965 0.620100054986536
7966 0.6155971407223142
7967 0.6104381473494586
7968 0.6021814962070682
7969 0.6003078812680878
7970 0.5857164510229417
7971 0.5832435680073013
7972 0.5802850270498721
7973 0.5770907309847547
7974 0.5767081549366674
7975 0.5720556085734255
7976 0.571205180182112
7977 0.5702977130497624
7978 0.5677174269512021
7979 0.564111272021374
7980 0.5627846124318947
7981 0.5610657917235713
7982 0.5604624973286719
7983 0.5576363485737507
7984 0.5545788316655402
7985 0.547820698153813
7986 0.5476374028944727
7987 0.5468910369894119
7988 0.5413100633148655
7989 0.5368036414074646
7990 0.5356464260420012
7991 0.5345574336229155
7992 0.5300665617737886
7993 0.5200856366354484
7994 0.5167249790150388
7995 0.5162451570141124
7996 0.507599780136032
7997 0.5062665288383985
7998 0.50541149209715
7999 0.4984230515726604
8000 0.4920097798593815
8001 0.49092455999451823
8002 0.4881234514537011
8003 0.4811710480012454
8004 0.4791993909385084
8005 0.47767113244104037
8006 0.47410576615011013
8007 0.47212526144334255
8008 0.46726914969466427
8009 0.46468505384039205
8010 0.4615680570911011
8011 0.45835649373119375
8012 0.45818743884480534
8013 0.4540446999720643
8014 0.4526977960233963
8015 0.4410260306024154
8016 0.4385459539133326
8017 0.4366603444411626
8018 0.4362128621241091
8019 0.43272968313007476
8020 0.43154915976455266
8021 0.42783467252827934
8022 0.4273305096046488
8023 0.42348084240088185
8024 0.419997160903417
8025 0.41256409874976213
8026 0.40266134044602964
8027 0.39649643566339293
8028 0.39497611281535594
8029 0.39429001327365876
8030 0.39277419501354366
8031 0.38734537459078544
8032 0.38440848259692584
8033 0.3812106573208499
8034 0.38111412080702056
8035 0.37870857754624965
8036 0.36249921527466306
8037 0.3544483387746926
8038 0.3508202087893973
8039 0.3477924417789881
8040 0.346472665665746
8041 0.34409601711612786
8042 0.3412446026605745
8043 0.33884071468323396
8044 0.33553974087027394
8045 0.33157200647936624
8046 0.32696364358067637
8047 0.32602982027795424
8048 0.3258680165590002
8049 0.3238203552075186
8050 0.32125696382876445
8051 0.31913847618513624
8052 0.315520783480341
8053 0.3148973117942497
8054 0.3132213888530864
8055 0.31207374217277234
8056 0.3106056961953955
8057 0.30640493618882314
8058 0.3061859715265606
8059 0.3052706489941046
8060 0.3031117868781291
8061 0.3005035808974081
8062 0.29905461746238743
8063 0.2974138778253939
8064 0.2956158721634419
8065 0.29533264219994554
8066 0.29451190564856017
8067 0.2911724552899025
8068 0.2894934780327228
8069 0.2862427742274599
8070 0.28378054555502097
8071 0.2835734656736724
8072 0.27923886325001146
8073 0.27750582620574527
8074 0.27605197711589124
8075 0.27591097111663404
8076 0.27085076169805544
8077 0.2678902260428953
8078 0.2670931030307207
8079 0.26008238484065627
8080 0.2545346097803653
8081 0.25325905888165423
8082 0.2490110625813814
8083 0.24772571467405044
8084 0.24746407913037125
8085 0.2473416261585165
8086 0.24647192705403462
8087 0.24621935938049092
8088 0.24439496327361265
8089 0.24159261069672147
8090 0.24071869175512906
8091 0.2403531607309017
8092 0.23917051571753017
8093 0.23716756580654347
8094 0.23008827413629163
8095 0.22998543379419134
8096 0.22874204921129504
8097 0.22670345320752594
8098 0.22301154394488706
8099 0.22183414909658342
8100 0.21845642940993118
8101 0.217489312105366
8102 0.2173888393327328
8103 0.21128928773275846
8104 0.2074761679276148
8105 0.20737340386998177
8106 0.20521395951167415
8107 0.2048446402420309
8108 0.20404213274459915
8109 0.20322930032239472
8110 0.20286108236650519
8111 0.20141408772000388
8112 0.20136511349295766
8113 0.19982721597023406
8114 0.19842609412206197
8115 0.19824105166816358
8116 0.19823770263815266
8117 0.19588380014614534
8118 0.19447939941117715
8119 0.19187269440162597
8120 0.1914188335316052
8121 0.1875086293448788
8122 0.18562999745498943
8123 0.18455255057385456
8124 0.18201981246015397
8125 0.18114672963456732
8126 0.18078953167388148
8127 0.17822071347141014
8128 0.17714517731715929
8129 0.17625344146640332
8130 0.17505844833325354
8131 0.1706999245361125
8132 0.16951698322185027
8133 0.1683995879244769
8134 0.16817169201525187
8135 0.16717209725351467
8136 0.1649041635309038
8137 0.16279874990538398
8138 0.16105746016012423
8139 0.16084510405649505
8140 0.15860370122731968
8141 0.1571143288282398
8142 0.15659885507649407
8143 0.15243731412727327
8144 0.14986539416700922
8145 0.14912756392896243
8146 0.14886932616484988
8147 0.1457041199293659
8148 0.14425231245225945
8149 0.1440956952320147
8150 0.1440516162250137
8151 0.14377354136637732
8152 0.14308481941915063
8153 0.14127044177254064
8154 0.14120404134404477
8155 0.14102941101084743
8156 0.14076347777837442
8157 0.1404955617461419
8158 0.1395382043942209
8159 0.13475412926075103
8160 0.13403796472138096
8161 0.13239115068430166
8162 0.13208548892183497
8163 0.13137654691044742
8164 0.13137144272419274
8165 0.12960140912114404
8166 0.12933936191128903
8167 0.1290574780251713
8168 0.12621117196001067
8169 0.12569660788902623
8170 0.1226733963076811
8171 0.12234660855414008
8172 0.11874931944340561
8173 0.11535941462317904
8174 0.11352572131988327
8175 0.11217732942162782
8176 0.11206418375801092
8177 0.11171444199455967
8178 0.11019260895360672
8179 0.10726900121267005
8180 0.10519850946616785
8181 0.10494592148722082
8182 0.10462303160523306
8183 0.10378999278161324
8184 0.10355697624026107
8185 0.10340550856565957
8186 0.10235176318800213
8187 0.0976064039045093
8188 0.09752648343016745
8189 0.095516632140209
8190 0.09538562204262507
8191 0.09522637072537636
8192 0.09495153007620274
8193 0.09463361887452856
8194 0.09447073815743436
8195 0.09048450779471884
8196 0.09019201908463852
8197 0.08965584765116588
8198 0.0894923601513972
8199 0.08949063070849869
8200 0.08505268201671541
8201 0.08353916994565873
8202 0.07425517709684987
8203 0.07335030918476766
8204 0.07076748216548158
8205 0.06955621949212715
8206 0.06325853800891966
8207 0.0626487620772958
8208 0.061012968194649
8209 0.05935872595720445
8210 0.05788416441854936
8211 0.05637481969247091
8212 0.05439050034335752
8213 0.051777846279398965
8214 0.04843297828644724
8215 0.04663528420427189
8216 0.045234880902794206
8217 0.043322601568197366
8218 0.042741671960028135
8219 0.041617556840032134
8220 0.037235964864809526
8221 0.036618113975419
8222 0.03554147591296309
8223 0.033952657202146276
8224 0.033611126008715735
8225 0.03299896246998552
8226 0.03222246896685774
8227 0.031844578700820476
8228 0.02710019723543576
8229 0.026586028890430335
8230 0.023520694668970252
8231 0.021496752356151286
8232 0.017906142072563296
8233 0.016916912361850178
8234 0.013231582062137603
8235 0.011400688645115632
8236 0.010462145335167164
8237 0.009726336514166331
8238 0.005875748781164509
8239 0.005249400441395272
8240 0.004720633746239115
8241 0.004665524497585905
8242 0.004264957838052205
8243 0.004088442138871219
8244 0.0033469994368360775
8245 0.002347487771920252
8246 0.0023238852436539073
8247 0.0021448546864420255
8248 0.001580219237974484
8249 0.0014528689573115679
8250 1.3329781335015251E-8
8251 5.174614844946016E-9
8252 3.296258099322626E-9
8253 8.563871849840049E-11
8254 3.91889924529623E-11
8255 3.775126326920343E-11
8256 0.0
8257 0.0
8258 0.0
8259 0.0
8260 0.0
8261 0.0
8262 0.0
8263 0.0
8264 0.0
8265 0.0
8266 0.0
8267 0.0
8268 0.0
8269 0.0
8270 0.0
8271 0.0
8272 0.0
8273 0.0
8274 0.0
8275 0.0
8276 0.0
8277 0.0
8278 0.0
8279 0.0
8280 0.0
8281 0.0
8282 0.0
8283 0.0
8284 0.0
8285 0.0
8286 0.0
8287 0.0
8288 0.0
8289 0.0
8290 0.0
8291 0.0
8292 0.0
8293 0.0
8294 0.0
8295 0.0
8296 0.0
8297 0.0
